"name","quantity","weightingms","weight_category"
"Godrej Real Good Chicken Breast Boneless",450,450,"LOW"
"Ching's Secret Manchurian Noodles",360,360,"LOW"
"Chakaachak Dustpan Grey",1,58,"LOW"
"MTR Breakfast Khatta Meetha Poha Mix",60,60,"LOW"
"Amul Cheese Spread Spicy Garlic",200,200,"LOW"
"Shubh kart - Surabhi Camphor Pouch 50g",50,50,"LOW"
"Amul Delicious Fat Spread - Cholesterol Free",100,100,"LOW"
"Mortein Cockroach Killer Spray, Crawling insect killer with Deep-Reach Nozzle",425,425,"LOW"
"Biryani /Pulav Mix",250,250,"LOW"
"Everest Powder - Tea Masala",100,100,"LOW"
"Dabur Honitus Herbal Cough Remedy Ayurvedic Syrup",100,100,"LOW"
"Sunfeast Farmlite Oats & Almonds Biscuits Packet",150,150,"LOW"
"Sugarlite 50% Less Calories Sugar Pouch",500,500,"LOW"
"Delight Nuts Berries Mix ",200,200,"LOW"
"Satyam Nighties Spices  Chilli Kashmiri",100,100,"LOW"
"Lotte Choco Pie Cocoa Pie",168,168,"LOW"
"Kellogg's Special K Original Corn Flakes",900,900,"LOW"
"Gowardhan Classic Block Fresh Paneer",200,200,"LOW"
"Britannia Nutrichoice 5 Grain Digestive Biscuits",200,200,"LOW"
"Popular Essentials Chiroti Sooji",500,500,"LOW"
"Keya Piri Piri | Exotic Spices Mix",80,80,"LOW"
"Eastern Fish Masala",100,100,"LOW"
"Nestle Ceregrow Multigrain Cereal with Milk and Fruits - 3 to 6 years",300,300,"LOW"
"Kitchens of India Dal Bukhara Gravy Mix",285,285,"LOW"
"Harpic Hygienic Toilet Cleaner Rim Block Jasmine",26,26,"LOW"
"Parachute Jasmine Hair Oil",190,190,"LOW"
"Pantai Sriracha Yellow Chilli Sauce",200,200,"LOW"
"iD Curd Cup",400,400,"LOW"
"Chakaachak Power Scrub (Pack of 2)",2,116,"LOW"
"Hershey's Hot Chocolate Powder",250,250,"LOW"
"Nestle Everyday Dairy Whitener",400,400,"LOW"
"Om Bhakti Gangajal Packed At Gangotri",220,220,"LOW"
"Lizol Disinfectant Surface & Floor Cleaner Liquid Citrus",975,975,"LOW"
"Dabur Gulabari Premium Rose Water",120,120,"LOW"
"The Whole Truth - 5 Grain Muesli No Added Sugar",350,350,"LOW"
"Saffola Gold Refined Cooking Oil (Jar)",2,2000,"medium"
"Hershey's Chocolate Milk Booster",450,450,"LOW"
"The Bake Shop Whole Wheat Multigrain Lavash",200,100,"LOW"
"ITC Master Chef Cheesy Corn Triangles",320,320,"LOW"
"Del Monte Eggless Mayo",500,500,"LOW"
"Veeba Sweet Onion Sauce",350,350,"LOW"
"McCain Masala - Fries",375,375,"LOW"
"24 Mantra Sona Masuri Brown Rice",5,5000,"bulk"
"Moov Pain Relief Specialist Spray",35,35,"LOW"
"Ching's Secret Instant Hot Garlic Noodles",60,60,"LOW"
"Mother's Recipe Tamarind Paste",200,200,"LOW"
"Satyam Nighties Spices  Chilli Pandi",100,100,"LOW"
"Palmolive Aroma Absolute Relax Shower Gel",250,250,"LOW"
"Prasuma Momos -  Cheesy Spicy Veg",24,24,"LOW"
"Oxi Green Dish Wash Liquid - Lemon",500,500,"LOW"
"Head & shoulders Anti Dandruff Shampoo Cool Menthol",180,180,"LOW"
"Kellogg's Real Honey Corn Flakes",630,630,"LOW"
"Satyam Thin Poha Patla",500,500,"LOW"
"MamyPoko Pants Extra Absorb Diapers, New Born",28,28,"LOW"
"Britannia Pav",250,250,"LOW"
"Borges Extra Virgin Olive Oil",250,250,"LOW"
"Mother's Recipe Pickle - Mango",500,400,"LOW"
"Kellogg's No Added Sugar Muesli",500,500,"LOW"
"Colgate Sensitive Everyday Protection Anticavity Toothpaste",40,40,"LOW"
"MTR Vegetable Upma",60,60,"LOW"
"Nestle Cerelac 5 Grains & Fruits Cereal",300,300,"LOW"
"Everest Saffron Kesar",0,1,"LOW"
"Scotch Brite Tough Scrubber Brush",1,58,"LOW"
"Nivea Soft Light Moisturizing Cream",100,100,"LOW"
"Palmolive Naturals Sea Minerals Liquid Hand Wash",250,250,"LOW"
"Satyam Puffed Rice Kurmura (A)",200,200,"LOW"
"Pampers Premium Care New Baby Pants",24,24,"LOW"
"24 Mantra Organic Pancharatna Dal - Split",500,500,"LOW"
"Oral-B Extra Soft Bristles Sensitive ",4,232,"LOW"
"Keya Oregano",9,9,"LOW"
"Amul Milk Compound Chocolate Slab",500,500,"LOW"
"On1y Mixed Herbs",14,14,"LOW"
"Smith & Jones Pasta Masala",54,54,"LOW"
"Pillsbury Atta/Godihittu - Chakki Fresh",5,5000,"bulk"
"Vim Dishwash Bar",300,300,"LOW"
"Nestle Nan Pro 4 Follow Up Formula Powder For Older Infants ",400,400,"LOW"
"Fine Life Cotton Balls",100,100,"LOW"
"Cadbury Chocobakes Chocolate Filled Cookies ",75,75,"LOW"
"Yogabar 100% Pure Peanut Butter Creamy & Yummy Unsweetened",400,400,"LOW"
"Popular Essentials Refined Sugar",1,1000,"medium"
"Om Bhakti Cow Dung Cakes ",5,290,"LOW"
"Epicurea Thai Jasmine Rice",500,500,"LOW"
"Mothers Recipe Papad Chana Masala",200,200,"LOW"
"Amul Cheese Slices",750,750,"LOW"
"Genteel Liquid Detegrent",2,2000,"medium"
"Weikfield Vanilla Custard Powder",500,500,"LOW"
"Dettol SKincare Handwash Value Refill",750,750,"LOW"
"Parle Hide & Seek Choco Rolls",75,75,"LOW"
"Head & Shoulders 2-in-1 Cool Menthol Anti Dandruff Shampoo + Conditioner",180,340,"LOW"
"Ching's Secret Tomato Instant Soup",15,16,"LOW"
"Eno Regular Fruit Salt Energy Powder",100,100,"LOW"
"Popular Essentials Mace/Javitri",20,20,"LOW"
"Britannia Burger Bun with Sesame Seed",100,100,"LOW"
"Ching's Secret Asian Hot Instant Soup",15,15,"LOW"
"Saffola Veggie Twist Masala Oats",500,500,"LOW"
"Del Monte Schezwan Sauce",190,190,"LOW"
"MTR Ready to Eat Pav Bhaji",300,300,"LOW"
"Godrej Real Good Chicken Kheema",450,450,"LOW"
"24 Mantra Organic Wheat Daliya ",500,500,"LOW"
"Gala Scrubber Pad",5,290,"LOW"
"Maggi Magic Cubes, Vegetarian Masala (Free 2 Cubes Inside)",48,48,"LOW"
"Colgate Visible White Toothpaste",100,100,"LOW"
"Switz Samosa Dough Sheets",50,50,"LOW"
"Mother Dairy Classic Curd",400,400,"LOW"
"Amul Happy Treats French Fries",425,425,"LOW"
"Godrej Expert Creme Hair Natural Brown Colour ",20,20,"LOW"
"Kellogg's Special K Original Corn Flakes",290,290,"LOW"
"Eveready Base B22 9-Watt LED Bulb",1,58,"LOW"
"Mamaearth 100% Natural Berry Blast Kids Toothpaste",50,50,"LOW"
"Ferrero Nutella Hazelnut Spread",180,180,"LOW"
"Whisper Bindazzz Nights XL + Sanitary Pad",7,406,"LOW"
"Parle Rusk Elaichi",300,300,"LOW"
"Johnson's Baby No More Tears Baby Shampoo",100,100,"LOW"
"Chik Hairfall Prevent Egg Shampoo",340,340,"LOW"
"Everest Chicken Masala",50,50,"LOW"
"Nivea Soft Light Moisturizer for Face Hand & Body Non-Sticky Cream with Vitamin E & Jojoba Oil",200,200,"LOW"
"Dabur Hajmola Imli Digestive Tablets",120,120,"LOW"
"Vicks Inhaler with Keychain",2,116,"LOW"
"Aashirvaad Superior MP Whole Wheat Atta",1,1000,"medium"
"Godrej Yummiez Chicken Nuggets",500,500,"LOW"
"Dabur - Chyawanprash",25,250,"LOW"
"D'lecta Shredded Mozzarella Cheese",140,140,"LOW"
"Lizol Disinfectant Surface & Floor Cleaner Liquid Jasmine",500,500,"LOW"
"Aashirvaad Suji Halwa With Jaggery",70,70,"LOW"
"Nivea Body Milk Lotion for Very Dry Skin",400,400,"LOW"
"Mamaearth Deeply Nourishing wash for Babies",200,200,"LOW"
"RRO Til Dil Premium Til Oil Bottle",1,1000,"medium"
"Colgate Plax Peppermint Mouthwash",250,250,"LOW"
"Popular Essentials Mustard Seeds Rai Yellow",100,100,"LOW"
"Gala Microfiber Magic Cloth 2-In-1",1,58,"LOW"
"The Laughing Cow Cheese Cubes",200,200,"LOW"
"Sunfeast Mom's Magic Cashew & Almond Biscuit",60,60,"LOW"
"Chings Secret Manchurian Instant Noodle",240,240,"LOW"
"Lakme Sun Expert",60,60,"LOW"
"Ferrero Nutella Hazeulnut Spread",350,350,"LOW"
"Popular Essentials Bansi Sooji",500,500,"LOW"
"Pantai Pad Thai Sauce (Non-Veg)",200,200,"LOW"
"Savlon Herbal Sensitive Liquid Handwash Refill Pouch",500,750,"LOW"
"Parle Monaco Jeffs Zeera Biscuit",200,200,"LOW"
"Gits Khaman Dhokla Instant Snack Mix",180,180,"LOW"
"Britannia 50-50 Maska Chaska Biscuit",300,300,"LOW"
"Mortein PowerGard Rat Kill Cake",100,100,"LOW"
"The Bake Shop Pizza Base Whole Wheat",150,150,"LOW"
"Go Cheese Slice - Plain",200,200,"LOW"
"Zorabian Chicken Leg Boneless ",450,450,"LOW"
"Yummiez American Sweet Corn",400,400,"LOW"
"Dove Intense Repair Conditioner",80,175,"LOW"
"Praakritik Organic Indrayani Rice",500,500,"LOW"
"Scotch Brite Sponge Wipes",3,174,"LOW"
"Figaro Plain Green Olive ",450,450,"LOW"
"Engage Mate For Man Deo Spray",150,150,"LOW"
"Lux International Creamy White Soap Bar",125,125,"LOW"
"Keya Pizza Seasoning",45,45,"LOW"
"Mother's Recipe Paste Ginger & Garlic",300,300,"LOW"
"Praakritik Natural Desi Gir Cow A2 Ghee",540,540,"LOW"
"Ching's Secret Green Chilli Sauce",680,680,"LOW"
"Muskmelon",1,58,"LOW"
"Popular Essentials Urad Gola Black (Un-Polished)",500,500,"LOW"
"Smith & Jones White Pasta Sauce Mix",46,46,"LOW"
"Sunsilk Stunning Black Shine Shampoo",650,650,"LOW"
"Airwick Room Air Freshener Spray - Rose & Saffron",245,245,"LOW"
"Sugarfree Natural Green Stevia Leaves Zero Calorie",100,100,"LOW"
"Harpic Flushmatic In-Cistern Toilet Cleaner Blocks Marine",100,100,"LOW"
"The Bake Shop Whole Wheat Oats Khari",200,200,"LOW"
"Ujala Superme For Super Whiteness Of Clothes",75,75,"LOW"
"Ariel Matic Liquid Detergent Front Load",1,1000,"medium"
"Kitchens Of India Chicken Chettinad",285,285,"LOW"
"Whiskas Adult +1 year Salmon in Gravy",1,85,"LOW"
"Everest Sambhar Masala",50,50,"LOW"
"Betty Crocker Complete Pancake Mix Original",500,250,"LOW"
"Amul Spray Infant Milk Food",500,500,"LOW"
"iD Natural Paneer",200,200,"LOW"
"Everest Kashmiri Lal Chilli Powder",500,500,"LOW"
"McVitie's Oat Cookies",120,120,"LOW"
"Curry Leaves",50,50,"LOW"
"On1y Pizza Seasoning",28,28,"LOW"
"Unibic Oatmeal Digestive Cookies ",150,150,"LOW"
"Sugarfree Natura Low Calorie Sweetner ",42,42,"LOW"
"Shubh kart - Nirmal 5 in 1 Agarbatti Zipper - 150g",150,150,"LOW"
"Everest Garam Masala",100,100,"LOW"
"Popular Essentials Red Rajma",500,500,"LOW"
"Dabur 100% Pure Honey - Worlds No.1",1,1000,"medium"
"Dr Oetker Cucumber & Carrot Sandwich Spread Veg",250,250,"LOW"
"Godrej Cinthol Lime Talc",100,100,"LOW"
"Kelloggs Muesli - With 22% Fruit Magic",500,500,"LOW"
"Dabur Meswak Toothpaste",200,200,"LOW"
"Saffola Gold (Jar)",5,5000,"bulk"
"Harpic Power Fresh 6 Toilet Cleaner Rim Block Floral Delight",35,35,"LOW"
"Scotch Magic Tape",1,58,"LOW"
"Nivea Cocoa Nourish Body Lotion With Coconut Oil & Cocoa Butter For Very Dry Skin ",200,200,"LOW"
"Chef's Basket Durum Wheat Fusilli Pasta",500,500,"LOW"
"Pedigree Dog Food Adult Meat & Rice",3,3000,"medium"
"Delight Nuts Cashew Roasted & Salted",200,200,"LOW"
"Pampers Pants - Medium",50,50,"LOW"
"Gits Veg Biryani Ready to Eat",265,265,"LOW"
"Odomos lotion - Mosquito Repellent",120,120,"LOW"
"Gillete Mach3 ",2,116,"LOW"
"MTR Vada Breakfast",500,500,"LOW"
"Quaker Oats Breakfast Cereals - With Flavour Mix Nutritious Rich Source Of Energy",200,200,"LOW"
"Pampers Pants - Large",82,82,"LOW"
"Colgate Kids Toothpaste - 6+ Years, Strawberry Flavour",80,80,"LOW"
"Dabur Hommade - Rajasthan Ki Garlic Chutne",200,200,"LOW"
"Popular Essentials Jeera/Cumin Seeds",100,100,"LOW"
"Tata Sampann High Protien Kabuli Chana",500,500,"LOW"
"Zorabian Chicken Kheema Parathas",300,300,"LOW"
"Nivea Men Active Clean with Active Charcoal Shower Gel for Body Face & Hair",250,250,"LOW"
"Kelloggs Chocos",385,385,"LOW"
"Johnson's Baby Skincare Wipes",20,1160,"medium"
"Patanjali Cow's Ghee",1,1000,"medium"
"Scotch Brite Multi-Purpose Sponge Wipes",10,580,"LOW"
"Suguna Vitamin D Egg",6,348,"LOW"
"Sunfeast Yippee Tricolor Pasta Seasoning",65,65,"LOW"
"Amul Delicious Fat Spread - Cholesterol Free",500,500,"LOW"
"Ching's Secret Instant Noodles, Hot Garlic",240,240,"LOW"
"Popular Essentials Horse Gram",500,500,"LOW"
"Ching's Paneer Chilli Masala",60,60,"LOW"
"Popular Essentials Nylon Til",100,100,"LOW"
"Maybelline New York Colossal Kajal Super Black",0,0,"LOW"
"Dettol Hand Sanitizer",200,200,"LOW"
"Lettuce Green",100,100,"LOW"
"Scotch Brite Power Scrub Pad",1,58,"LOW"
"Go Cheese Processed Block",400,400,"LOW"
"Lizol Double Concentrate Disinfectant Floor Cleaner Citrus",1,1900,"medium"
"Vanish All in One Powder Detergent Booster",400,400,"LOW"
"Tata Sampann Unpolished Chana Dal",500,1000,"medium"
"Beans French",250,250,"LOW"
"Clinic Plus Strength & Shine Shampoo With Egg Protein ",175,175,"LOW"
"L'Oreal Paris Excellence Creme Hair Color, 3.16 Burgundy",172,159,"LOW"
"Britannia Good Day Chunky Cookies",120,120,"LOW"
"MTR Vermicelli Payasam",180,180,"LOW"
"Godrej Aer Power Pocket - Long Lasting Bathroom Fragrance Lavender Bloom",10,10,"LOW"
"Nivea Body Shea Smooth with Shea Butter for Dry Skin",9,400,"LOW"
"Gillette Venus Close & Clean Razor ",1,58,"LOW"
"Open Secret Peanut Butter Story Box",75,75,"LOW"
"Dabur Hommade - Ginger Paste",200,200,"LOW"
"Britannia Treart Creme Wafers Chocolate",1,60,"LOW"
"Banana Robusta",6,348,"LOW"
"Johnson's Baby Oil",100,100,"LOW"
"Delight Nuts Cranberries Sliced ",200,200,"LOW"
"Chakaachak Dust Proof Broom",1,58,"LOW"
"Scotch Brite Silver Sparks Scrub Pad",3,348,"LOW"
"Parsley",100,100,"LOW"
"Dabur Hommade - Garlic Paste",200,200,"LOW"
"Om Bhakti Wick for Diya - Cotton Flower Batti ",60,60,"LOW"
"Oxylife Natural Radiance 5 Creme Bleach - With Active Oxygen",27,27,"LOW"
"Smith & Jones Masala Noodles",360,360,"LOW"
"Suhana Spice Mix - Chicken Biryani",50,50,"LOW"
"MTR Roasted Vermicelli ",400,400,"LOW"
"Flying Bird Food Essence - Kewra",20,20,"LOW"
"L'Oreal Casting Creme Ebony Black Hair Color",87,159,"LOW"
"Pomegranate Peeled",100,100,"LOW"
"Dettol Original Germ Protection Bathing Soap Bar",375,375,"LOW"
"Listerine Original Mouthwash",250,250,"LOW"
"Zandu Balm Ulter Power For Strong Headache Bodyache & Cold",8,8,"LOW"
"Garnier Colour Naturals Hair Colour - 1 Natural Black",60,60,"LOW"
"Indulekha Bhringa Hair Oil",100,100,"LOW"
"Satyam Nighties Spices  Chilli Bore",100,100,"LOW"
"Praakritik Organic Chilka Moong Dal",500,500,"LOW"
"Sunsilk Lusciously Thick & Long Shampoo",340,340,"LOW"
"Colgate Max Fresh Cooling Crystals Toothpaste",150,150,"LOW"
"Kellogg's Crunchy Granola Chocolate & Almonds",450,450,"LOW"
"Amul Pure Ghee (Pouch)",1,1000,"medium"
"Harpic Disinfectant Bathroom Cleaner Liquid Lemon",1,1000,"medium"
"MTR Ready To Eat Palak Paneer ",300,300,"LOW"
"Popular Essentials Black Urad Split",500,500,"LOW"
"Britannia Treat Creme Wafers - Orange",60,60,"LOW"
"Satyam Khobra",200,200,"LOW"
"Dettol Antiseptic Disinfectant Liquid",125,125,"LOW"
"Britannia Nutri Choice Digestive Biscuit",150,200,"LOW"
"Surf Excel Matic Front Load Detergent Powder",2,2000,"medium"
"Praakritik Organic Extra Virgin Coconut Oil",100,100,"LOW"
"RRO Fresh Ricotta",200,200,"LOW"
"Sunfeast Farmlite Nuts Digestive",250,250,"LOW"
"Kitchens Of India Yellow Dal Tadka",285,285,"LOW"
"MTR Seviyan Vermicelli ",400,400,"LOW"
"Odonil Air Fresher Buy 3 Get 1 Free",300,300,"LOW"
"Dukes Waffy Strawberry Roll",250,250,"LOW"
"Kitchens of India Mutter Paneer Mix",285,285,"LOW"
"Amul Frozen Malai Paneer",200,200,"LOW"
"Odonil Zipper Blissful Citrus",10,10,"LOW"
"Unibic Snack Bar - Multigrain, Choco",30,30,"LOW"
"Chings Secret Hot Garlic Instant Noodles",60,60,"LOW"
"24 Mantra Organic Masoor Dal - Split",500,500,"LOW"
"Chilli Bhaji",250,250,"LOW"
"Kelloggs Chocos Moon & Stars",680,680,"LOW"
"Godrej Protekt Germ Fighter Handwash",750,750,"LOW"
"Gellette Presto Ready Shaver",1,58,"LOW"
"Hershey's Syrup Delicious Strawberry",200,200,"LOW"
"Everest Amchur Powder",50,50,"LOW"
"Chings Instant Soup - Hot & Sour",15,15,"LOW"
"Pantai Red Curry Paste",50,50,"LOW"
"Pillsbury Rich Choco Oven Cake Mix - Egg Free",270,270,"LOW"
"Britannia Marie Gold (Buy 4 Get 1 Free)",600,600,"LOW"
"Fiama Di Wills Men's Refreshing Pulse Shower Gel",250,250,"LOW"
"Lifebuoy Germ Protection Care Soap Bar",125,100,"LOW"
"Smith & Jones Shahi Paneer Masala Mix",60,60,"LOW"
"Sunfeast Dark Fantasy Vanilla Creme",300,300,"LOW"
"Praakritik Organic Jumbo Rolled Oats",500,500,"LOW"
"Everest Pav Bhaji Masala",50,50,"LOW"
"Vicks BabyRub",25,25,"LOW"
"Pantai Sriracha Green Chilli Sauce",200,200,"LOW"
"Veeba Eggless Mayonnaise",250,250,"LOW"
"Amul Cheese - Processed Slices",200,200,"LOW"
"Fortune Besan Flour",1,1000,"medium"
"Zama Organics Carrot",250,250,"LOW"
"Zorabian Chicken Breast Boneless ",450,450,"LOW"
"Everest Kitchen King Masala",200,200,"LOW"
"Pantai Chilli Garlic Sauce",200,200,"LOW"
"Everest Tea Masala",50,50,"LOW"
"MamyPoko Pants Standard Diapers, Extra Large (12 - 17 kg)",26,26,"LOW"
"Bagrry's Fruit Fibre Muesli Mixed Fruit ",1,1000,"medium"
"Aashirvaad Superior MP Atta",5,5000,"bulk"
"Listerine Fresh Burst Mouthwash",500,500,"LOW"
"Popular Essentials Sabudana",500,500,"LOW"
"Popular Essentials Idli Sooji ",500,500,"LOW"
"Eveready 1012 Carbon Zinc AAA Battery",10,580,"LOW"
"Saffola Yummy Masala Noodles ",46,46,"LOW"
"Johnson's Baby Powder",200,200,"LOW"
"Popular Essentials Double Beans White",250,250,"LOW"
"Onion",1,1000,"medium"
"Surf Excel Matic Powder Front Load ",4,4000,"medium"
"Saffola Active Oil",1,1000,"medium"
"Everest Chat Masala",100,100,"LOW"
"Om Bhakti - Pancha Deepa Oil ",1,1000,"medium"
"Pampers Active Baby Diapers New Born Extra Small ",72,72,"LOW"
"Arden Eggs Brown",6,348,"LOW"
"Kelloggs Chocos Fills Double Chocolaty",250,250,"LOW"
"Coconut Big",1,58,"LOW"
"Everest Garam Masala",50,50,"LOW"
"Aashirvaad Select Sharbati Atta",5,5000,"bulk"
"Unibic SugarFree - Butter Cookies",75,75,"LOW"
"24 Mantra Organic Black Pepper",100,100,"LOW"
"Colgate Toothpaste For Kids Motu Oatlu",80,80,"LOW"
"Weikfield Drinking Chocolate Powder",100,100,"LOW"
"Pillsbury Choco Chip Pancake Mix",165,165,"LOW"
"RRO Mascarpone Cheese",200,200,"LOW"
"Sunfeast Dark Fantasy Choco Fills",75,75,"LOW"
"Himalaya Purifying Neem Face Wash",150,150,"LOW"
"Betty Crocker Mug Treats - Chocolate Mix - Pack of 4",264,264,"LOW"
"Popular Essentials Black Masoor Whole (Un-Polished)",500,500,"LOW"
"Stayfree Secure Dry Cover Extra Large Sanitary Pad",7,406,"LOW"
"Om Bhakti Wick for Diya - Vanaspati Ghee Cotton Wicks Small ",30,30,"LOW"
"Palmolive Feel The Massage Shower Gel",250,250,"LOW"
"Fortune Rice Bran Health Oil (Jar)",5,5000,"bulk"
"Amul Safed Makkhan",500,500,"LOW"
"Savlon Moisture Shield Germ Protection Handwash Refill (Buy 1 Get 1 Free)",1500,1500,"medium"
"Pedigree Puppy Dry Dog Food Food Chicken & Milk",1200,1200,"medium"
"Godrej Aer Morning Misty Meadows Home Air Freshener",240,240,"LOW"
"Everest Shahi Biryani Masala",200,200,"LOW"
"Saffola Gold Oil (Pouch)",1,1000,"medium"
"Neutrogena Deep Clean Facial Cleanser",50,50,"LOW"
"Neutrogena Ultra Sheer Dry Touch SPF 50+ Sunblock Sunscreen Lotion",30,30,"LOW"
"Engage Drizzle Deodorant For Women, Floral And Lavender, Skin Friendly",150,150,"LOW"
"Om Bhakti Camphor Big",40,40,"LOW"
"Veeba Thousand Island Dressing",300,300,"LOW"
"Mother's Recipe Potato Papad",75,70,"LOW"
"Chakaachak Mega Star Toilet Brush",1,58,"LOW"
"Veeba Favourites Eggless Burger Mayonnaise",250,250,"LOW"
"Vicks Cough Drops Menthol",20,1160,"medium"
"Savlon Moisture Shield Hand Wash",750,750,"LOW"
"Lux International Creamy White Soap Bar",75,75,"LOW"
"Saffola 100% Pure Honey",750,1000,"medium"
"Veeba Pasta And Pizza Sauce",280,280,"LOW"
"24 Mantra Organic Besan",500,500,"LOW"
"The Whole Truth Vegan Fig Apricot & Orange Energy Bar No Sugar",40,40,"LOW"
"Maybelline New York Colossal Kajal Black",0,0,"LOW"
"Ambi Pur Car Freshener Gel - Relaxing Lavender",75,75,"LOW"
"Baggry's Crunchy Muesli Almond Raisins & Honey",200,200,"LOW"
"24 Mantra Organic Puffed Rice",200,200,"LOW"
"Amul Butter - Pasteurised (School Pack)",100,100,"LOW"
"Nivea Lip Balm Soft Rose for 24h Moisture with Natural Oils Delicate Rose Shine",4,5,"LOW"
"Sebamed Anti - Dandruff Shampoo",200,200,"LOW"
"Fevistik Super Glue Stick",15,15,"LOW"
"Spring Onion ",250,250,"LOW"
"Banana Leaf",1,58,"LOW"
"Kurkure Green Chutney, Rajasthani Style",90,90,"LOW"
"Kellogg's Real Almond & Honey Corn Flakes",300,300,"LOW"
"Aashirvaad Select Atta",1,1000,"medium"
"Moov Fast Pain Relief Cream",50,50,"LOW"
"Everest Kesari Milk Masala",50,50,"LOW"
"Top Ramen  Noodles Curry Veg Pouch",70,70,"LOW"
"Om Bhakti Wick for Diya - Ghee Cotton Wicks Big ",30,30,"LOW"
"Weikfield Baking Powder",50,50,"LOW"
"Sunfeast Yippee! Mood Masala Noodles",260,260,"LOW"
"Dhara Nourish Refined Sunflower Oil Pouch",1,1000,"medium"
"Clove Sensitive Toothpaste with Anti-Sensitivity & Fluoride Formulation",80,80,"LOW"
"Whisper Choice Ultra XL Sanitary Pad",20,1160,"medium"
"Gillette Mach 3 Mens Razor Blades",4,232,"LOW"
"Everest Kitchen King Masala",100,100,"LOW"
"Gala Microfiber Multipurpose Cloth",1,58,"LOW"
"Del Monte Pizza & Pasta Sauce Spout Pack",400,400,"LOW"
"Yummiez Green Peas",1,1000,"medium"
"Nimyle Lemongrass Floor Cleaner",975,975,"LOW"
"Praakritik Organic Ginger Powder",100,100,"LOW"
"Origami Paper Plates",50,50,"LOW"
"Head & Shoulders 2 In 1 Anti Dandruff Smooth & Silky Shampoo+Conditioner",340,340,"LOW"
"Nivea Creme All Season Multi-Purpose Cream ",100,100,"LOW"
"Bajaj Almond Drops Hair Oil Bottle",200,200,"LOW"
"The Whole Truth Peanut Cocoa Mini Protein Bar No Sugar ",27,27,"LOW"
"Colgate Max Fresh Peppermint Toothpaste ",300,300,"LOW"
"Head & Shoulders Anti Dandruff Anti Hairfall Shampoo",240,340,"LOW"
"Sugarfree Gold Low Calorie Sweetner",100,110,"LOW"
"Sponge Gourd",300,300,"LOW"
"Saffola Everyday Peppy Tomato Masala Oats",500,500,"LOW"
"Amrutanjan Pain Balm Extra Power",27,28,"LOW"
"Potato",1,1000,"medium"
"TRESemme Smooth And Shine Conditioner",190,190,"LOW"
"Gowardhan Cow Ghee Pouch",1,1000,"medium"
"Flying Bird Butter Scotch Essence",20,20,"LOW"
"Popular Essentials Cashew Split",250,250,"LOW"
"24 Mantra Organic Ragi Flour",500,500,"LOW"
"Weikfield Veg Jelly Crystals - Raspberry",90,90,"LOW"
"Britannia Nutri Choice Oats Milk Almond Biscuit",75,75,"LOW"
"Safal Frozen - Mixed Vegetables",1,1000,"medium"
"Chef's Basket Durum Wheat Elbow Pasta",500,500,"LOW"
"Funfoods Peanut Butter Crunchy",400,400,"LOW"
"Popular Essentials Samba Broken Wheat",500,500,"LOW"
"Apple Royal Gala",4,232,"LOW"
"Palmolive Black Orchid And Milk Liquid Hand Wash",250,250,"LOW"
"Tata Salt Lite",1,1000,"medium"
"Ching's Secret Manchurian Instant Noodle",480,480,"LOW"
"Fortune Biriyani Special Basmati Rice",1,1000,"medium"
"Tide Plus Extra Power Lemon & Mint Detergent Powder",2,2000,"medium"
"Sunfeast Mom's Magic Cashew & Almond Biscuits",600,600,"LOW"
"Clean & Clear Morning Energy Berry Face Wash",100,100,"LOW"
"Britannia Vita Marie Gold Biscuit",300,300,"LOW"
"Oleev Smart Oil Fortified with VIT A, D, E & K (Pouch)",1,1000,"medium"
"The Bake Shop Sesame Seed Crackers",150,100,"LOW"
"A1 Biodegradable Garbage Dustbin Bags",30,30,"LOW"
"Popular Essentials Cloves (Lavang)",50,50,"LOW"
"Figaro Sliced Black Olive ",450,450,"LOW"
"Ching's Secret Lemon Coriander Instant Soup",15,15,"LOW"
"Knorr International Mexican Tomato Corn Soup ",52,52,"LOW"
"Borges Extra Light Olive Oil Bottle ",2,2000,"medium"
"Everest Sabji Masala",50,50,"LOW"
"Chakaachak Super Steel Scrubber",1,58,"LOW"
"Maggi Magic Cubes, Vegetarian Masala",40,40,"LOW"
"Amul Cheese Spread Yummy Plain",200,200,"LOW"
"Ching's Secret Schezwan Fried Rice Masala",20,20,"LOW"
"Amul Cheese - Block",500,500,"LOW"
"Eno Fruit Salt Lemon Flavour Energy Powder",100,100,"LOW"
"Origami Good Karma Toilet Roll",1,232,"LOW"
"Chakaachak Floor Cleaning Pocha",1,58,"LOW"
"Engage M4 Perfume Spray For Men",120,120,"LOW"
"L'Oreal 6 Oil Nourish Conditioner",192,192,"LOW"
"Horlicks Protein Plus Chocolate",200,200,"LOW"
"The Whole Truth Mini Protein Bar - Coconut Cocoa No Added Sugar",27,27,"LOW"
"Pantene Advanced Hair Fall Solution Shampoo - Total Damage Care",180,180,"LOW"
"Popular Essentials Dry Dates (Kharak)",250,250,"LOW"
"Zorabian Chicken Smoked Ham",250,250,"LOW"
"Mother's Recipe Pickle - Mango",500,500,"LOW"
"Mother's Recipe Pickle - Mixed",500,500,"LOW"
"Pampers All Round Protection Pants - Medium",50,50,"LOW"
"Sugarfree Gold Low Calorie Sweetner ",50,50,"LOW"
"Popular Essentials Sona Masouri Steam Rice",1,1000,"medium"
"Unibic Choco Nut Cookies",75,75,"LOW"
"Britannia Pure Magic Choco Lush Cookies",300,300,"LOW"
"MTR 3 Minute Breakfast - Magic Masala Upma",60,60,"LOW"
"Kelloggs Corn Flakes",250,250,"LOW"
"Everest Pav Bhaji Masala",100,100,"LOW"
"Britannia Treat Creme Wafers - Vanilla",1,60,"LOW"
"Kitchens Of India Rajma Masala",285,285,"LOW"
"24 Mantra Super Grain Quinoa",500,500,"LOW"
"RRO Cheddar Block Cheese",200,200,"LOW"
"RRO Sour Cream",200,200,"LOW"
"Patanjali Kesh Kanti Shikakai Hair Cleanser",200,200,"LOW"
"Switz Spring Roll Dough Sheets",20,1160,"medium"
"Hem Mantra Masala Agarbatti",50,50,"LOW"
"Gits Dessert Mix China Grass Bombay Halwa",80,80,"LOW"
"Flying Bird Premium Orange Artificial Food Essence",20,20,"LOW"
"Britannia Good Day Cashew Cookies",100,100,"LOW"
"The Whole Truth Mini Protein Bar - Peanut Butter No Added Sugar",27,27,"LOW"
"Fortune Soyabean Oil",5,5000,"bulk"
"Moi Soi Sichuan Chilli Oil- For Stir Fry Marinade Spread & Dip",175,175,"LOW"
"Whisper Choice Regular Sanitary Pads",20,1160,"medium"
"Popular Essentials Green Cardamom (Elaichi)",50,50,"LOW"
"Mother's Recipe Mixed Pickle",300,300,"LOW"
"Wingreens Farms Chipotle Dip",180,180,"LOW"
"Durex Mutual Climax Condoms",10,580,"LOW"
"Praakritik Organic Garlic Powder",100,100,"LOW"
"Safal Frozen - Sweet Corn",1,1000,"medium"
"Flying Bird Vanilla Essence",20,20,"LOW"
"MTR Idli/Dosa/Chilly Chutney Powder",200,200,"LOW"
"Aashirvaad Instant Mix - Rice Dosa",200,200,"LOW"
"Pineapple",1,58,"LOW"
"Tong Garden Wasabi Green Peas",150,150,"LOW"
"Fogg Royal Fragrance Spray",120,150,"LOW"
"Arden Desi Eggs",6,348,"LOW"
"Livon Anti-Frizz Serum",100,100,"LOW"
"Praakritik Organic Basmati Rice",500,500,"LOW"
"Amul Processed Cheese Cubes",200,200,"LOW"
"Dettol Original Soap (B4G1)",625,625,"LOW"
"ITC Master Chef Veggie Pizza Pocket",340,340,"LOW"
"Dove Hair Fall Rescue Conditioner",175,175,"LOW"
"Pediasure Premium Chocolate Powdered Health Drink",400,400,"LOW"
"Apple Kinnaur",4,232,"LOW"
"Go Cheese Processed Angles Plain",160,160,"LOW"
"Lijjat Urad Papad",200,200,"LOW"
"The Laughing Cow Cheese Spread Plain",180,180,"LOW"
"Veeba Cheese and Chilli Sandwich Spread",275,275,"LOW"
"Fortune Sunlite Refined Sunflower (Pouch)",1,1000,"medium"
"Durex Extra Thin Condoms",10,580,"LOW"
"Origami Good Karma Paper Serviettes - 100 napkins (1 ply)",1,58,"LOW"
"Johnson's Baby Soap",100,100,"LOW"
"Pantai Coconut Cream",400,400,"LOW"
"Ching's Secret Manchow Soup",55,55,"LOW"
"Banana Red",500,500,"LOW"
"Satyam Makhana",100,100,"LOW"
"Surf Excel Quick Wash",4,4000,"medium"
"Amulya Dairy Whitener ",1,1000,"medium"
"Whiskas Wet  Meal (Adult - Cat Food)  Chicken in Gravy",85,85,"LOW"
"Bio Nutrients Pure Diet Tofu Gold ",200,200,"LOW"
"Whisper Choice Sanitary Pad ",7,406,"LOW"
"Madhur Sugar",1,1000,"medium"
"Zama Organics Sweet Potato",250,250,"LOW"
"Origami Plates Plain",100,100,"LOW"
"Remia Mayonnaise",241,241,"LOW"
"Dettol Original Liquid Handwash Refill",750,750,"LOW"
"Watermelon ",1,58,"LOW"
"Gala Iron Bull Scrub Pad",3,174,"LOW"
"Fogg Paradise Fragrant Body Spray For Women ",150,150,"LOW"
"Vaseline Intensive Care Aloe Fresh",200,200,"LOW"
"Dove Daily Shine Conditioner",80,80,"LOW"
"Nestlé CERELAC Baby Cereal with Milk",300,300,"LOW"
"Harpic Power Fresh 6 Toilet Cleaner Rim Block Marine Splash",35,35,"LOW"
"Vaseline Intensive Care Deep Moisture Body Lotion",400,400,"LOW"
"Veeba Carrot & Cucumber Sandwich Spread",250,250,"LOW"
"Uno Playing Card Game",1,58,"LOW"
"Fevicol Mr.Original General Purpose White Glue ",100,105,"LOW"
"Stayfree Secure XL Size Sanitary Napkins",20,1160,"medium"
"Colgate Sensitive Plus Anticavity Toothpaste ",70,70,"LOW"
"Johnson's Baby Oil",200,200,"LOW"
"McCain Veggie Burger Patty",360,360,"LOW"
"India Gate Basmati Rice",1,1000,"medium"
"Britannnia 50-50 Sweet & Salty Biscuit",200,200,"LOW"
"Moov Cream Regular",10,10,"LOW"
"Fresh Chicken Whole Leg - Skinless (Halal)",500,500,"LOW"
"The Whole Truth Vegan Mocha Almond Fudge Energy Bar No Sugar",40,40,"LOW"
"Popular Essentials Pink Rajma",500,500,"LOW"
"Godrej Real Good Marinated Hot & Grill Chicken",450,450,"LOW"
"Flying Bird Pineapple Artifical Food Essence",20,20,"LOW"
"Popular Essentials White Peas (Un-Polished)",500,500,"LOW"
"Popular Essentials Chia Seeds",100,100,"LOW"
"Stayfree Secure Cottony Soft Cover Sanitary Pad (Regular) with Wings",7,406,"LOW"
"Zorabian Pre Cut Chicken Skinless (Half)",500,500,"LOW"
"Cadbury Oreo Creme Biscuit - Vanilla, Original 120 g",120,120,"LOW"
"Johnson's Baby Skincare Wipes",72,72,"LOW"
"Soulfull Vanilla Fills - Ragi Bites",250,250,"LOW"
"Del Monte Natural Vinegar ",180,180,"LOW"
"Godrej Real Good Chicken Marinated Lollipop ",10,580,"LOW"
"Everest Garam Masala",200,200,"LOW"
"Bagrrys Fruit N Fibre Muesli Mixed Fruit",500,500,"LOW"
"Dhara Groundnut Oil (Pouch)",1,1000,"medium"
"Mamaearth Moisturizing Baby Bath Soap",150,150,"LOW"
"Cadbury Oreo Strawberry Bicuits",120,120,"LOW"
"D'lecta Cream Cheese",150,150,"LOW"
"Pampers Premium Care Pants - Medium",54,54,"LOW"
"Everest Black Pepper Powder",100,100,"LOW"
"Tata Sampann Unpolished Urad Whole",500,500,"LOW"
"Gala Double Hockey Toilet Brush",1,58,"LOW"
"Scotch Brite Sponge Wipe",5,290,"LOW"
"24 Mantra Organic Jowar Flour",500,500,"LOW"
"ITC Master Chef Chicken Galouti Kebab",210,210,"LOW"
"Parachute Advansed Gold Coconut Hair Oil",400,400,"LOW"
"Suguna Nourish Egg",12,696,"LOW"
"Bagrrys Corn Flakes",800,880,"LOW"
"Funfoods Peanut Butter Creamy",400,400,"LOW"
"Revive Revive Liquid",200,200,"LOW"
"Borges Canola Oil Pet Bottle",1,1000,"medium"
"Wingreens Farms Tangy Cheese Pita Chips & Mexican Salsa Dip",70,70,"LOW"
"Shubh kart - Nirmal Eco Box Sugandhi Mogra Agarbatti - 100g",100,100,"LOW"
"Kiwi Dranex Drain Cleaner",6,348,"LOW"
"Dove Dryness Care Conditioner Frizzy & Dry Hair",80,80,"LOW"
"Sunsilk Lusciously Thick & Long Shampoo",650,650,"LOW"
"Glow & Lovely Advanced Multivitamin Face Cream",110,110,"LOW"
"Happilo Premium Afghani Anjeer",200,200,"LOW"
"24 Mantra Organic Tur Dal",1,1000,"medium"
"Vaseline Skin Protecting Jelly",50,50,"LOW"
"Popular Essentials Masoor Dal Split (Un-Polished)",500,500,"LOW"
"Om Bhakti Wick for Diya - Cotton Long Batti ",50,50,"LOW"
"The Whole Truth Mini Protein Bar - Coffee Cocoa No Added Sugar",27,27,"LOW"
"RRO Mozzarella Pizza Cheese",200,200,"LOW"
"Carrot",500,500,"LOW"
"Everest Kasuri Methi",25,25,"LOW"
"Ceres Foods Laal Maas Instant Liquid Masala",200,200,"LOW"
"Epigamia Fruit Yogurt Alphonso Mango",75,75,"LOW"
"Pears Pure And Gentle Value Pack Of 3 Bathing Soap",375,375,"LOW"
"Britannia Toastea Premium Bake Rusk",182,182,"LOW"
"Amul Dark Compound Chocolate Slab",500,500,"LOW"
"Himalaya Cold Balm",45,45,"LOW"
"McCain Crazy Fries Masala MixHot 'n' Tangy",400,400,"LOW"
"Lotte Choco Pie Chocolate Cake",56,56,"LOW"
"Old Spice Lime Lather Shaving Cream",70,70,"LOW"
"Maggi Magic Cubes Extra Chicken",48,48,"LOW"
"RRO Primio Refined Groundnut Oil Pet Bottle",1,1000,"medium"
"Whiskas Adult (+1 Year) Dry Cat Food, Ocean Fish Flavour",1,1200,"medium"
"Apple Shimla",4,232,"LOW"
"24 Mantra Organic Cumin",100,100,"LOW"
"Kellogg's Real Almond & Honey Corn Flakes",650,650,"LOW"
"Hershey's Caramel Syrup",623,623,"LOW"
"Britannia Good Day Cashew Cookies",1,1000,"medium"
"Godrej Real Good Chicken Legs ",2,116,"LOW"
"Smith & Jones Pasta Masala",108,108,"LOW"
"Om Bhakti Kumkum ",15,15,"LOW"
"Tata Sampann Unpolished Toor Dal/Arhar Dal",200,1000,"medium"
"Saffola Oats 100 % Natural",38,38,"LOW"
"Dabur Hajmola Maha Candy - Aam+Imli",130,130,"LOW"
"Popular Essentials Ajwain Whole",50,50,"LOW"
"Suguna Active - DHA",6,348,"LOW"
"Om Bhakti Haldi ",15,15,"LOW"
"The Bake Shop Maska Khari",100,200,"LOW"
"Bauli Moonfils Veg - Strawberry",47,45,"LOW"
"Godrej Aer Pocket, Bathroom Air Fragrance - Assorted Pack Of 3",30,30,"LOW"
"Pampers Premium Care Pants - Large",44,44,"LOW"
"Kelloggs Chocos - Moons & Stars",1,1200,"medium"
"Dabur Chyawanprash Immunity Booster",500,500,"LOW"
"Pedigree Dentastix  Dog Treat Oral Care for Adult Medium Breed ",180,180,"LOW"
"Orange Nagpur",4,232,"LOW"
"Odonil Room Air Freshener Spray - Lavender Mist",137,137,"LOW"
"Lijjat Moong Papad",200,200,"LOW"
"Open Secret White Choco Story Box",75,75,"LOW"
"Mother's Recipe Ginger And Garlic Paste",200,200,"LOW"
"Origami Kitchen Towels 2 In 1 Quilted 2ply",2,116,"LOW"
"Origami Good Karma Paper Serviettes ",50,50,"LOW"
"Popular Essentials Californian Almond",250,250,"LOW"
"Organic India Organic Chyawanprash",500,500,"LOW"
"Nivea Men Deodorant Fresh Active 48h Long lasting Freshness",150,150,"LOW"
"Top Ramen Masala Oat Masala",280,280,"LOW"
"Santoor Almond Soft With Sandal & Almond Milk",625,625,"LOW"
"Cornitos Peanut - Premium Salted ",150,150,"LOW"
"Britannia Milk Bikis Cream Biscuit",500,500,"LOW"
"The Bake Shop Whole Wheat Bread Sticks",100,100,"LOW"
"Popular Essentials Saunf/Fennel Seeds",100,100,"LOW"
"Durex Condoms Mutual Climax",3,174,"LOW"
"Veet Hair Removal Cream Dry Skin",50,50,"LOW"
"Colgate Zigzag Charcoal Soft Bristle Toothbrush - 4 Pcs",4,232,"LOW"
"Raw Banana",500,500,"LOW"
"Popular Essentials Green Moong Whole",500,500,"LOW"
"Ariel Matic Front Load Liquid Detergent",1,1000,"medium"
"Pantene Adv Hairfall Solution Conditioner Silky Smooth",200,200,"LOW"
"Veeba Chipolte Southwest Dressing",300,300,"LOW"
"Go Cheese Spread - Four Pepper (Soft & Creamy)",200,200,"LOW"
"Everest Cumin Powder (Jeera)",50,50,"LOW"
"Dhara Life Refined Ricebran Oil (Pouch)",1,1000,"medium"
"Surf Excel Easy Wash Detergent Liquid",1,1000,"medium"
"Pantai Green Curry Paste",114,114,"LOW"
"Kellogg’s Chocos Protein And Fibre Of 1 Roti",1,1200,"medium"
"Dove Cream Beauty Bathing Bar",125,125,"LOW"
"Moi Soi Kung Pao Sauce - For Stir Fry Marinade Spread & Dip",175,175,"LOW"
"The Whole Truth Cranberry Protein Bar No Sugar",52,52,"LOW"
"Colgate Zig Zag Charcoal Medium Toothbrush 4 Pcs",4,232,"LOW"
"Ching's Secret Instant Schezwan Noodles",60,60,"LOW"
"Dove Daily Shine Conditioner",180,175,"LOW"
"Delight Nuts Almond Natural ",200,200,"LOW"
"The Bake Shop Masala Lavash",200,100,"LOW"
"Wingreens Cheesy Chipotle Sauce",130,130,"LOW"
"The Bake Shop Premium White Sandwich Bread",400,400,"LOW"
"Broccoli",500,500,"LOW"
"Tata Sampann Moong Dal Split",200,1000,"medium"
"Fortune Soya Health Refined Soybean Oil",1,1000,"medium"
"Praakritik Organic Tuvar Dal",500,500,"LOW"
"Godrej Yummiez Cheese Corn Nuggets ",400,400,"LOW"
"Smith & Jones Red Pasta Sauce Mix",46,46,"LOW"
"Popular Essentials Popular Essential Pista Salted (With Shell)",100,100,"LOW"
"Quaker Oats",400,400,"LOW"
"Godrej Protekt",750,750,"LOW"
"Ching's Red Chilli Sauce",200,200,"LOW"
"McCain Super Wedges",400,400,"LOW"
"Banana Elaichi ",6,348,"LOW"
"Cabbage ",1,58,"LOW"
"Whiskas Adult Pocket Tuna Cat Food",1,1200,"medium"
"Dabur Chyawanprakash Sugar Free",500,500,"LOW"
"Scotch Brite Scrub Pad",5,290,"LOW"
"Zorabian Chicken Mince",450,450,"LOW"
"Britannia Multigrain Bread ",400,400,"LOW"
"Chakaachak Super Sponge Wipes (Pack of 3)",3,174,"LOW"
"Daawat Rozana Gold Basmati Rice",1,1000,"medium"
"Britannia 50-50 Maska Chaska Biscuits",120,120,"LOW"
"Quaker Oats",1,1000,"medium"
"Kellogg's Corn Flakes",1,1000,"medium"
"Tata Sampann High Protien Toor Dal - Split",500,500,"LOW"
"TGFC Catla Bengali Cut",500,500,"LOW"
"Surf Excel Matic Top Load",4,4000,"medium"
"Popular Essentials Salted Murmure ",400,400,"LOW"
"Spinach",250,250,"LOW"
"Dabur Honey - World's No.1",250,250,"LOW"
"Parle Monaco Classic Salty Biscuits",400,400,"LOW"
"Popular Essentials Toor Dal (Un-Polished)",1,1000,"medium"
"Amul Pizza Cheese Processed",200,200,"LOW"
"Everest Tikhalal Chilli Powder",500,500,"LOW"
"Shubh kart - Tejas Twisted Cotton Wicks 1000n",1000,1000,"medium"
"Britannia Treat Jimjam Family Pack (Buy 4 Get 1 Free)",500,500,"LOW"
"Bombay Shaving Company Charcoal Face Wash",100,100,"LOW"
"Banana Nendran",500,500,"LOW"
"Sunfeast Farmlite 5 Seed Digestive",250,250,"LOW"
"Nissin Cup Noodles Tangy Tomato",70,70,"LOW"
"Lijjat Udad Mini Papad",200,200,"LOW"
"Fiama Scents Juniper & Geranium Body Wash",250,250,"LOW"
"Colin Glass and Surface Cleaner Liquid Spray Regular",500,500,"LOW"
"Iodex Body Pain Expert ",8,8,"LOW"
"Santoor Total Skin Care Soap With Sandal & Turmeric",600,600,"LOW"
"Nestle A+ Actiplus Probiotic Dahi Plain Curd",400,400,"LOW"
"Radish White",500,500,"LOW"
"Durex Extra Thin Bubblegum Condom",10,580,"LOW"
"MTR Upma",160,160,"LOW"
"Tata Tea Gold",200,100,"LOW"
"Britannia Good Day Cashew Cookies",58,60,"LOW"
"Dabur Hommade - Ginger Garlic Past Tub",400,400,"LOW"
"Bell Peppers Red & Yellow ",2,116,"LOW"
"The Whole Truth Peanut Butter - Sweetened & Crunchy",325,325,"LOW"
"Britannia Atta Kulcha",250,250,"LOW"
"Top Ramen Masala",560,560,"LOW"
"Dettol Intense Cool Soap (B4G1)",625,625,"LOW"
"Garnier Color Naturals Crème Hair Color, Shade 5 Light Brown",100,100,"LOW"
"Godrej Expert Rich Crème, Dark Brown",20,20,"LOW"
"Aashirvaad Iodised Salt ",1,1000,"medium"
"Nestle Nestle Nan Pro Follow-Up Formula",400,400,"LOW"
"Yoga Bar Peanut Butter Dark Chocolate Jar",400,400,"LOW"
"Borges Farfalle Durum Wheat Pasta ",500,500,"LOW"
"L'Oreal Paris Excellence Creme Hair Color, 3 Dark Brown/Natural Darkest Brown",172,172,"LOW"
"Dove Daily Shine Shampoo",650,650,"LOW"
"Bambino Popular Vermicelli ",400,400,"LOW"
"The Bake Shop Milk & Raisin Toast (Rusk)",200,200,"LOW"
"Mamaearth Skin Correct Face Serum",30,30,"LOW"
"Woodwards Gripe Water ",130,130,"LOW"
"L'Oreal Paris Casting Creme Gloss Hair Color, Medium Brown 500",159,160,"LOW"
"Himalaya Baby Nourishing Massage Oil",250,200,"LOW"
"Beans Cluster",250,250,"LOW"
"Kellogg's Original Corn Flakes",475,475,"LOW"
"Cadbury Oreo Dipped Biscuit",150,150,"LOW"
"Britannia Milk Bikis Biscuits Packet",200,200,"LOW"
"Capsicum",500,500,"LOW"
"ITC Master Chef Butter Chicken",80,80,"LOW"
"L'Oreal Paris Dream Lengths Conditioner",193,193,"LOW"
"Amul Unsalted Cooking Butter",500,500,"LOW"
"Godrej Yummiez Chilli Chicken Sausages ",250,250,"LOW"
"Moi Soi Manchurian Sauce - For Stir Fry Marinade Spread & Dip",175,175,"LOW"
"Gowardhan Ghee Jar",1,1000,"medium"
"McVitie's Butter Cookies",200,200,"LOW"
"Ching's Secret  Noodles - Pad Thai Lemongras",130,130,"LOW"
"The Whole Truth Vegan Almond Choco Fudge Energy Bar No Sugar",40,40,"LOW"
"The Bake Shop Whole Wheat Ladi Pav",200,200,"LOW"
"Maggi Imli Sauce Pichkoo",90,90,"LOW"
"Dabur Odomos Naturals Mosquito Repellant Gel",80,80,"LOW"
"RRO Mozzarella Block Cheese",200,200,"LOW"
"Durex Extra Ribbed Condoms",10,580,"LOW"
"Nivea Lip Balm Original Care for 24h Moisture with Shea Butter & Natural Oils",4,5,"LOW"
"ITC Master Chef Lebanese Falafel Kebab",230,230,"LOW"
"ITC Master Chef Vegetable Biryani Cooking Paste",80,80,"LOW"
"Figaro Pure Olive Oil",200,200,"LOW"
"Dabur Honey Squeezy",225,225,"LOW"
"Coriander Leaves",100,100,"LOW"
"Engage Urge Deodorant For Men, Citrus And Woody, Skin Friendly",150,150,"LOW"
"Kitchens Of India Murgh Methi",285,285,"LOW"
"Super Saver Kolam Rice Sortex Clean ",5,5000,"bulk"
"Ching's Chicken Chilli Masala",20,20,"LOW"
"Dhara Health Refined Sun Flower Oil Jar",5,5000,"bulk"
"McVitie's Marie biscuits with Goodness of Calcium",250,250,"LOW"
"Fiama Fresh Hand Wash",400,400,"LOW"
"24 Mantra Mustard Oil (Cold Pressed) ",1,1000,"medium"
"Philips EyePro 10.5W Light Bulb",1,58,"LOW"
"Dukes Waffy Chocolate Wafer Rolls ",250,250,"LOW"
"Dabur Ginger Garlic Paste",100,100,"LOW"
"Eastern Chicken Masala",100,100,"LOW"
"Carrot",200,250,"LOW"
"Nivea Creme, All Season Multi-Purpose Cream",100,100,"LOW"
"Britannia Treat Jimjam Cream Biscuits ",100,100,"LOW"
"Sumeru Aloo Paratha",400,400,"LOW"
"Om Bhakti Camphor Small",25,25,"LOW"
"Mother's Recipe Lime Pickle ",400,400,"LOW"
"Chakaachak Sponge Scrubber (Pack of 2)",2,116,"LOW"
"Shubh kart - Shubhkart Sambrani Cup Black 12n",12,696,"LOW"
"Dettol Original Germ Protection Alcohol Based Hand Sanitizer",50,50,"LOW"
"Beetroot",500,500,"LOW"
"MTR Dal Makhani",300,300,"LOW"
"Praakritik Orrganic Cold Pressed Sesame Oil",100,100,"LOW"
"The Laughing Cow Cheese Slices",200,200,"LOW"
"Arden Eggs White",12,696,"LOW"
"24 Mantra Organic Moong Dal",500,500,"LOW"
"Popular Essentials Guntur Chilli Stemless",100,100,"LOW"
"Keya Wonder Red Hot Chilli Flakes",40,40,"LOW"
"Sugarfree Gold Low Calorie Sweetner ",100,100,"LOW"
"Everest Kitchen King Masala",50,50,"LOW"
"Godrej Real Good Chicken Leg Boneless",450,450,"LOW"
"Mother's Recipe Pickle - Red Stuffed Chilli",400,400,"LOW"
"Bombay Shaving Company Sensitive Cartridges",2,116,"LOW"
"Godrej Real Good Chicken Lollypop",10,580,"LOW"
"L'Oreal Paris Dream Lengths Shampoo",192,192,"LOW"
"Yoga Bar Breakfast Protein Bar - Blueberry Pie",50,50,"LOW"
"Popular Essentials Brown Sugar",500,500,"LOW"
"Weikfield Falooda Mix - Kesar Pista",200,200,"LOW"
"Satyam Chilli  Bedgi",100,100,"LOW"
"Yoga Bar Multigrain Energy Bar Nuts And Seeds",38,38,"LOW"
"Whisper Choice Regular Sanitary Pads",20,58,"LOW"
"Himalaya Anti Dandruff Shampoo",200,200,"LOW"
"Britannia Classic Little Hearts ",75,75,"LOW"
"Yummiez Veg Cheese Fingers Pouch",400,400,"LOW"
"Popular Essentials Cooking Soda",200,200,"LOW"
"Weikfield Cooker Cake Mix - Vanilla",150,150,"LOW"
"MTR Instant Gulab Jamun Mix",500,500,"LOW"
"Britannia Tiger Krunch Biscuits",400,400,"LOW"
"Parle Hide & Seek Choco Rolls",120,120,"LOW"
"Popular Essentials Green Moong Chilka/Chilka (Un-Polished)",500,500,"LOW"
"TilSona Til Oil",500,500,"LOW"
"Knorr Sweet Corn Chicken Soup",42,42,"LOW"
"The Whole Truth Peanut Cocoa Protein Bar No Sugar",52,52,"LOW"
"Dabur Gulabari Rose Water Daily Glow",250,250,"LOW"
"Amul Slim Trim Skimmed Milk",1,1000,"medium"
"Gala Scrubber Cleaner Home Everyday Scrub",1,58,"LOW"
"Godrej No.1 Bathing Soap – Lime & Aloe Vera",600,600,"LOW"
"Pedigree Dog Food Adult Chicken & Veg",3,3000,"medium"
"Chef's Basket Durum Wheat Penne Pasta",500,500,"LOW"
"Popular Essentials Moth Whole",500,500,"LOW"
"Pantai Red Curry Paste",114,114,"LOW"
"RRO Primio Refined Groundnut (Jar)",2,2000,"medium"
"Johnson's Baby Soap",150,150,"LOW"
"Johnson's Baby Powder",400,400,"LOW"
"Neutrogena Deep Clean Foaming Cleanser",50,50,"LOW"
"Johnson's Baby Top To Toe Bath Body Wash",210,210,"LOW"
"Maggi Hot & Sweet Tomato Chilli Sauce",500,500,"LOW"
"Del Monte Red Chili Sauce",190,190,"LOW"
"Britannia Pure Magic - Chocolush",100,100,"LOW"
"Britannia Marie Gold Biscuits Packet",250,250,"LOW"
"Kellogg's Almonds And Cranberries Granola",460,460,"LOW"
"McCain French Fries",420,420,"LOW"
"Veet Hair Removal Cream (Normal Skin)",50,50,"LOW"
"Ching's Secret Veg Hakka Noodles",600,600,"LOW"
"Popular Essentials Anjeer",100,100,"LOW"
"Godrej Ezee Liquid Detergent",1,1000,"medium"
"Tata Sampann Unpolished Rajma (Chitra)",500,500,"LOW"
"Parachute Oil ",100,100,"LOW"
"Fortune Kachi Ghani Mustard Oil Bottle",1,1000,"medium"
"Epigamia Natural Greek Yogurt",90,90,"LOW"
"Popular Essentials Black Pepper",100,100,"LOW"
"Britannia Cheese Garlic Bread",300,300,"LOW"
"Everest Shahi Paneer Masala",50,50,"LOW"
"Dabur 100% Pure Honey",400,400,"LOW"
"Dlecta Cheese Cubes 2",200,200,"LOW"
"Dabur Ginger Garlic Paste",200,200,"LOW"
"Popular Essentials Buckwheat Flour (Kuttu Atta)",500,500,"LOW"
"Popular Essentials Coriander Seeds",50,50,"LOW"
"The Bake Shop Maska & Multigrain Cheese Crackers",150,100,"LOW"
"Aashirvaad Breakfast Instant Mix - Rice Idli",200,200,"LOW"
"Everest Rajma Masala",50,50,"LOW"
"Whisper Choice Regular Wing Sanitary Pad",7,406,"LOW"
"Everest Dry Ginger Powder",100,100,"LOW"
"Pantai Oyster Sauce",200,200,"LOW"
"Eno Cooling Sachets - Cool Mint, 6 Pieces Carton",5,5,"LOW"
"Baker Street Suji Rusk Large Pack",200,200,"LOW"
"The Bake Shop Masala Cheese Crackers",100,100,"LOW"
"Patanjali Pure Honey",250,250,"LOW"
"Fresh Mutton Curry Cut Cubes (Halal)",500,500,"LOW"
"Nestle Lactogen Stage 2 Follow-up Formula Powder",400,400,"LOW"
"Gillette Sensitive Shaving Foam",418,418,"LOW"
"Ariel Complete Detergent Washing Powder 500 g  + 200 g Free",500,500,"LOW"
"Kellogg's Real Almond & Honey Corn Flakes",1,1000,"medium"
"Sapota",6,348,"LOW"
"Colocasia ",500,500,"LOW"
"Colgate Total 12 Whole Mouth Protection Toothpaste",120,120,"LOW"
"Jivana Jaggery",950,950,"LOW"
"Everest Chole Masala",50,50,"LOW"
"Mothers Recipe Tamrind Date Chutney ",200,200,"LOW"
"Britannia Nutri Choice Ragi Cookies",150,150,"LOW"
"Om Bhakti Wick for Diya - Cotton Long Batti ",75,75,"LOW"
"Ching's Secret Hot Garlic Instant Noodles",480,480,"LOW"
"Sunfeast Dark Fantasy Bourbon Bliss",150,150,"LOW"
"Karachi Bakery Cashew Biscuits ",400,400,"LOW"
"Oral-B Charcoal Deep Clean Stain Removal Toothbrush Soft",4,232,"LOW"
"Kellogg's Original Corn Flakes",875,875,"LOW"
"Head & Shoulders Shampoo + Conditioner - 2-In-1, Cool Menthol",340,340,"LOW"
"Yummiez Green Peas",500,500,"LOW"
"Engage M1 Perfume Spray for Men ",120,120,"LOW"
"Popular Essentials Bajra Whole",1,1000,"medium"
"Godrej No.1 Bathing Soap – Lime & Aloe Vera",100,500,"LOW"
"Gala EzeeSqueegee Wiper",1,58,"LOW"
"Kitchen Of India Ready-To-Eat Pindi Channa",285,285,"LOW"
"Ginger",200,200,"LOW"
"Knorr Classic Tomato Soup With 100% Real Vegetabls, No Added Preservatives",53,53,"LOW"
"24 Mantra Bura Sugar (Demerara)",500,500,"LOW"
"Hit Cockroach Killer Spray ",200,200,"LOW"
"Nivea Body Lotion Aloe Hydration For Normal Skin ",200,200,"LOW"
"Sunfeast Yumfills Whoopie Pie",276,253,"LOW"
"Dabur Nature Care Isabgol - Double Action",100,100,"LOW"
"Tata Sampann High Protein Kali Urad",500,500,"LOW"
"Pantene Advanced Hair Fall Solution Shampoo - Total Damage Care",340,340,"LOW"
"Popular Essentials Urad Gola White(Un-Polished)",500,500,"LOW"
"TGFC Chicken Boneless Fresh Whole",500,500,"LOW"
"New Kellogg's Muesli with 21% Fruit, Nut & Seeds",500,500,"LOW"
"Ching's Secret Singapore Curry Instant Noodles",60,60,"LOW"
"Dabur Regular Hajmola",120,120,"LOW"
"Borges Durum Wheat Fusilli Pasta ",500,500,"LOW"
"Maggi Masala Ae Magic",72,72,"LOW"
"Sunfeast Pasta Treat Pack of Tomato Cheese",65,65,"LOW"
"Open Secret Choco Almond Tiffin Pack",25,25,"LOW"
"Pillsbury Pancake Mix - Funfetti",162,162,"LOW"
"Unibic Fruit & Nut Cookies",67,67,"LOW"
"Everest Hingraj Powder",50,50,"LOW"
"Epicurea Sushi Rice",500,500,"LOW"
"Gillette Mach 3 Turbo Razor",1,58,"LOW"
"Godrej Aer Power Pocket Berry Rush",10,10,"LOW"
"Veeba Barbeque Sauce",330,330,"LOW"
"Chakaachak Eazo Grass Broom New ",1,58,"LOW"
"Lotte Choco Pie ",168,168,"LOW"
"Aro Aluminium Container with Lid 230 ml",25,25,"LOW"
"McCain Potato Cheese Shotz",250,250,"LOW"
"Ching’s Secret Chowmein Hakka Noodles Masala ",60,60,"LOW"
"Good Knight Fabric Personal Mosquito Repellent Roll On",8,8,"LOW"
"24 Mantra Turmeric Powder",100,100,"LOW"
"Colgate Sensitive Soft Bristles Toothbrush",1,58,"LOW"
"McCain Chilli Cheesy Nuggets",250,250,"LOW"
"Hershey's Chocolate Flavour Syrup",680,623,"LOW"
"Catch Black Pepper Sprinkler",50,50,"LOW"
"Ching's Secret Chilli Vinegar",170,170,"LOW"
"Nivea Soft Moisturizing Cream",200,200,"LOW"
"Himalaya Purifying Neem Face Wash Tube",300,300,"LOW"
"Garlic Indian ",100,100,"LOW"
"Kelloggs Chocos Fills Double Chocolat",175,175,"LOW"
"Godrej Expert Rich Crème, Natural Black",20,20,"LOW"
"Sunfeast Yippee! Magic Masala Noodles",240,240,"LOW"
"Nestle Cerelac Baby Cereal With Milk Wheat-Rice Mixed Fruit",300,300,"LOW"
"Praakritik Organic Masoor Dal",500,500,"LOW"
"Whiskas Wet  Meal (Kitten - Cat Food)  Chicken in Gravy",85,85,"LOW"
"Veeba Mint Mayonnaise",300,300,"LOW"
"Praakritik Organic Yellow Moon Dal",500,500,"LOW"
"Kellogg's Crunchy Granola Honey, Almonds, Strawberries & Pumpkin Seeds",450,450,"LOW"
"Organic India Brahmi Bottle",60,60,"LOW"
"Fortune Rozana Basmati Rice",5,5000,"bulk"
"Maggi Hot & Sweet - Tomato Chilli Sauce",1,1000,"medium"
"Popular Essentials Kabuli Chana Regular",500,500,"LOW"
"Clean & Clear Foaming Face Wash",150,150,"LOW"
"Zucchini Yellow",500,250,"LOW"
"Nivea Soft Light Moisturizer for Face Hand & Body Non-Sticky Cream with Vitamin E & Jojoba Oil ",100,100,"LOW"
"Dove Pink Rosa Beauty Bathing Bar",100,100,"LOW"
"Britannia Good Day Cashew Cookies Packet",600,600,"LOW"
"Durex Extra Time Condoms",10,580,"LOW"
"24 Mantra Organic Sattu Atta",500,500,"LOW"
"Sunfeast Mom's Magic Rich Butter Cookies",200,200,"LOW"
"Lizol Double Concentrate Disinfectant Floor Cleaner Lavender",900,900,"LOW"
"ScotchBrite Premium Kitchen Towels",1,174,"LOW"
"Smith & Jones Mutter Paneer Masala",60,60,"LOW"
"So Good Almond Milk - Natural Unsweetened",200,200,"LOW"
"Sunfeast YiPPee! Noodles - Magic Masala",540,540,"LOW"
"TGFC Tilapia Curry Cut",500,500,"LOW"
"Dhara Kachi Ghani Mustard Oil Jar",5,5000,"bulk"
"Kitchens Of India Palak Paneer",285,285,"LOW"
"Kitchens Of India Dal Makhani",285,285,"LOW"
"MTR Roasted Vermicelli ",850,850,"LOW"
"Potato",3,3000,"medium"
"Mamaearth Vitamin C Face Toner",200,200,"LOW"
"Sugarfree Gold Low Calorie Sweetner",300,300,"LOW"
"Popular Essentials Idli Rice",1,1000,"medium"
"Cornitos Cornitos Taco Shells - 6 Inches",180,180,"LOW"
"D'lecta Cheddar Cheese",200,200,"LOW"
"Himalaya Baby Lotion",400,400,"LOW"
"Surf Excel Stain Eraser",150,150,"LOW"
"Patanjali Kesh Kanti Reetha Hair Cleanser",200,200,"LOW"
"Figaro Pitted Black Olive ",450,450,"LOW"
"Ladies Finger ",250,250,"LOW"
"Tong Garden Wasabi Coated Greenpeas Tin",180,180,"LOW"
"Nestle A+ Slim Dahi - Low Fat",400,400,"LOW"
"24 Mantra Organic Rajma",500,500,"LOW"
"24 Mantra Organic Roasted Bengal Gram Dal",500,500,"LOW"
"Popular Essentials Sunflower Seeds",50,50,"LOW"
"Praakritik Organic Natural Rock Salt",500,500,"LOW"
"Godrej Real Good Chicken Drumstick ",500,500,"LOW"
"Fiama Menthol & Magnolia Cooling Gel Bar Soap",375,375,"LOW"
"Patanjali Hing Goli",100,100,"LOW"
"Guava",4,232,"LOW"
"Mother Dairy Ultra Full Cream Milk",500,500,"LOW"
"Pantai Fish Sauce",200,200,"LOW"
"Pantene Hairfall Control Conditioner",200,200,"LOW"
"Fresh Chicken Mince - Kheema (Halal)",500,500,"LOW"
"Onion",3,3000,"medium"
"Lettuce Iceberg",250,250,"LOW"
"Scotch-Brite Scrub Sponge Ideal For Dishwash Liquid",2,116,"LOW"
"Sunfeast Nice Biscuit",150,150,"LOW"
"Gillette Presto Ready Shaver 5 Cartridges ",5,290,"LOW"
"The Bake Shop Burger Buns",100,100,"LOW"
"Eveready Ultima Alkaline AA Cell Battery-6 Pc Pack",6,348,"LOW"
"Origami So Soft Tissue Roll Single - 340 Pulls 3 Ply",1,58,"LOW"
"Ariel Matic Top Load Detergent Washing Powder",2,2000,"medium"
"Mangalam Camphor",50,50,"LOW"
"L'Oreal Paris Total Repair 5 Conditioner",180,192,"LOW"
"Dove Hair Fall Rescue Shampoo",340,340,"LOW"
"Go Processed Cheese Block",200,200,"LOW"
"24 Mantra Organic Green Moong Dal - Split",500,500,"LOW"
"Papaya",1,58,"LOW"
"Listerine Fresh Burst Mouthwash",250,250,"LOW"
"Origami Kitchen Towels 4 in 1 60 Pulls 2 Ply",1,58,"LOW"
"Ching's Secret Manchow Instant Soup",15,15,"LOW"
"Popular Essentials Urad Dal Split (Un-Polished)",500,500,"LOW"
"Pumpkin Cut",200,200,"LOW"
"Parle Fab!o Vanilla Creme Sandwich Biscuit",120,120,"LOW"
"Amul Lite Spread",100,100,"LOW"
"Godrej Aer Power Pocket - Long Lasting Bathroom Fragrance Fresh Blossom",10,10,"LOW"
"Dove Daily Shine Shampoo",340,340,"LOW"
"Remia Salad Caesar Dressing",250,250,"LOW"
"Epigamia Almond Milk Unsweetened Dairy Free",1,1000,"medium"
"Lemon",200,200,"LOW"
"Fiama Peach & Avocado Gel Bar",375,375,"LOW"
"Dlecta Cheese Block",200,200,"LOW"
"Cadbury Oreo Chocolatey Sandwich Biscuits Family Pack",300,300,"LOW"
"Savlon Surface Disinfectant Spray",170,170,"LOW"
"Godrej Real Good Chicken Curry Cut",500,500,"LOW"
"Veeba English Mustard",300,300,"LOW"
"24 Mantra Organic Tur Dal - Split",500,500,"LOW"
"Suhana Mutton Gravy Mix",80,80,"LOW"
"Godrej Good Night Gold Flash Liquid Vapouriser",60,60,"LOW"
"Britannia Pure Magic Vanilla Creme Biscuit",100,100,"LOW"
"Mother's Recipe Mango Pickle ",400,400,"LOW"
"Pantai Coconut Milk",400,400,"LOW"
"Smith & Jones Peri Peri Masala",75,75,"LOW"
"Guava Thai",2,116,"LOW"
"Patanjali Atta Doodh Rusk",300,300,"LOW"
"Air Wick Room Air Freshener Spray - Lavender & Lotus",245,245,"LOW"
"Hershey's Cocoa - Natural Unsweetened",225,225,"LOW"
"Ching's Schezwan Masala Instant Noodles",240,240,"LOW"
"Bauli Moonfils Orange Puff Roll",45,45,"LOW"
"Popular Essentials Regular White Lobia",500,500,"LOW"
"Dabur Keora water - Authentic flavour for Biryani's and Desserts",250,250,"LOW"
"The Bake Shop Foot Long",200,200,"LOW"
"Top Ramen Noodles, Atta",280,280,"LOW"
"Open Secret White Choco Tiffin Pack",25,25,"LOW"
"Cherry Blossom Liquid Wax Polish",75,75,"LOW"
"Hershey's Cocoa Powder",70,70,"LOW"
"Britannia Fruit Bun",100,100,"LOW"
"Prasuma Vegetable Momos",24,24,"LOW"
"Popular Essentials Black Raisins Seedless",100,100,"LOW"
"Kellogg's Chocos",700,700,"LOW"
"Rin Fabric Whitener Detergent",500,500,"LOW"
"Popular Essentials Black Brown Chana (Un-Polished)",500,500,"LOW"
"On1y Salad Seasoning Grinder",45,45,"LOW"
"Himalaya Diaper Rash Cream",20,20,"LOW"
"Dabur Gulabari Rose Glow Face Cleanse",100,100,"LOW"
"Pillsbury Vanilla Custard Powder",100,100,"LOW"
"Origami Luxuria Kitchen Towel 300 Pulls Single",1,58,"LOW"
"McCain Chilli Garlic Potato Bites Crunchy Potato Nuggets",420,420,"LOW"
"Unibic Cashew Cookies",75,75,"LOW"
"24 Mantra Organic Red Poha",500,500,"LOW"
"Amul Pizza Cheese - Mozzarella",200,200,"LOW"
"Axe Pulse Men's Deodorant",150,150,"LOW"
"The Whole Truth Energy Bar Choco Cranberry Fudge",40,40,"LOW"
"Popular Essentials Pista Salted (With Shell)",250,250,"LOW"
"Britannia Sandwich White Bread",350,350,"LOW"
"Suhana Paneer Tikka Masala Mix",50,50,"LOW"
"Popular Essentials Mustard Seeds Rai Small",100,100,"LOW"
"Yummiez Chicken Garlic Fingers Pouch",400,400,"LOW"
"Oral-B Criss Cross Medium Toothbrush (Buy 2 Get 2 Free)",4,232,"LOW"
"Popular Essentials Premium Jeera Rice",1,1000,"medium"
"Ching's Chow Mein Hakka Noodles Masala",20,20,"LOW"
"Ching's Manchurian Instant Noodles",60,60,"LOW"
"Dragon Fruit Imported",1,58,"LOW"
"Engage M2 Perfume Spray For Men",120,120,"LOW"
"Stayfree Secure Dry Cover Regular Sanitary Pad With Wings",7,406,"LOW"
"Daawat Super Basmati Rice",1,1000,"medium"
"Odomos Mosquito Repellent Spray",100,100,"LOW"
"Listerine Original Mouthwash",80,80,"LOW"
"Cherry Blossom Wax Shoe Polish Black",40,40,"LOW"
"Fresh Chicken Boneless Cubes (Halal)",500,500,"LOW"
"Mother Dairy Toned Milk Pouch",500,500,"LOW"
"Veeba Pizza Topping",280,280,"LOW"
"Amul Cheese Sauce Jalapeno",200,200,"LOW"
"Shubh kart - Nirmal Eco Box Chandan Agarbatti - 100g",100,100,"LOW"
"Britannia Good Day Butter Cookies",600,600,"LOW"
"Britannia Nice Time Biscuit",150,150,"LOW"
"The Bake Shop Jeera Ajwain Bread Sticks",100,100,"LOW"
"Oleev Active Oil (Pouch)",1,1000,"medium"
"Puro Healthy Salt Crystal",1,1000,"medium"
"Dabur Hommade - Kalonji Tamatar Ki Chutney",200,200,"LOW"
"Kitchens Of India Mughlai Paneer",285,285,"LOW"
"Head & Shoulders 2-in-1 Active Protect Shampoo",340,340,"LOW"
"McCain Smiles - Pudina Chatka",375,375,"LOW"
"Cornitos Cornitos Taco Shells - 4 Inches",80,80,"LOW"
"Godrej Yummiez Chicken Breakfast Salami",250,250,"LOW"
"TGFC Chicken Curry Cut Fresh",500,500,"LOW"
"Dukes Waffy Chocolate Wafers",75,60,"LOW"
"Popular Essentials Mustard Seeds Rai Big",100,100,"LOW"
"Kitchens Of India Chicken Darbari ",285,285,"LOW"
"Himalaya Gentle Baby Shampoo",400,400,"LOW"
"Ching's Secret Just Soak - Whole Wheat Veg Hakka Noodles",600,600,"LOW"
"Maggi Ghee Tadka Upma Express Pouch",65,65,"LOW"
"Popular Essentials Tamarind",500,500,"LOW"
"Popular Essentials Green Peas (Un-Polished)",500,500,"LOW"
"Mangalam Camphor Tablet Jar",100,100,"LOW"
"Dove Pink Rosa Beauty Bathinhg Bar",100,100,"LOW"
"Tata Sampann High Protien Chana Dal - Split",500,500,"LOW"
"Fresh Mutton Mince - Kheema (Halal)",500,500,"LOW"
"Oral-B Charcoal Deep Clean Stain Removal Toothbrush Medium",4,232,"LOW"
"Pantene Silky Smooth Care Shampoo",340,340,"LOW"
"Zandu Balm",25,25,"LOW"
"Stayfree Dry Max All Night XL Dry Cover Sanitary Pads",28,28,"LOW"
"Dlicia Whip Topping Bottle",1,1000,"medium"
"Gowardhan Ghee/Tuppa Jar",500,500,"LOW"
"Popular Essentials Ajwain Whole",100,100,"LOW"
"Kelloggs Corn Flakes With Real Strawberry Pure",575,575,"LOW"
"On1y Pepper Grinder",50,50,"LOW"
"Vicks Vaporub",25,25,"LOW"
"Oxi Green Phenyl - Pine ",1,1000,"medium"
"Popular Essentials Phool Makhana (Jumbo Size)",100,100,"LOW"
"Ching's Secret Noodles - Pad Thai Original",130,130,"LOW"
"Parle Milano Mixed Berries Cookies",75,75,"LOW"
"Dukes Waffy Strawberry Wafers",75,60,"LOW"
"Gowardhan Pure Ghee Pouch",500,500,"LOW"
"Ching's Secret Veg Manchurian Masala",60,60,"LOW"
"Avocado Indian Premium",1,58,"LOW"
"Mother's Recipe Gujrati Gorkeri Pickle",500,500,"LOW"
"Himalaya Prickly Heat Baby Powder",100,100,"LOW"
"Del Monte Original Blend Tomato Ketchup Pouch",950,950,"LOW"
"Kellogg's Crunchy Fruit & Nut Breakfast Cereals Muesli",750,750,"LOW"
"Pillsbury Atta With Multigrains Wheat Grains",5,5000,"bulk"
"Patanjali Kesh Kanti Anti Dandruff Hair Cleanser",200,200,"LOW"
"Ching's Secret Tomato Oats Instant Soup",20,20,"LOW"
"24 Mantra Organic Whole Wheat Atta",1,1000,"medium"
"Pillsbury Cooker Cake Mix - Choco",159,159,"LOW"
"Veet Full Body Waxing Kit",20,1160,"medium"
"Chakaachak Deluxe Dustpan Grey",1,58,"LOW"
"Head & Shoulders Anti-Dandruff Smooth & Silky Shampoo",340,340,"LOW"
"Zorabian Chicken Cubes",500,500,"LOW"
"Keya Italian Pizza Oregano",80,80,"LOW"
"The Whole Truth Cranberry Mini Protein Bar No Sugar",27,27,"LOW"
"Eveready Ultima Alkaline Battery AAA",2,116,"LOW"
"24 Mantra Organic Jaggery Powder",500,500,"LOW"
"Popular Essentials Californian Almond",500,500,"LOW"
"Sunfeast Marie Light",200,200,"LOW"
"Mccain Emotibites - Crispy Happy Potato Snack",415,415,"LOW"
"Pampers Active Baby Diapers New Born Extra Small",24,24,"LOW"
"Ching's Secret Paneer Chilli Masala",20,20,"LOW"
"McCain Smiles Cripsy Happy Potatoes",415,415,"LOW"
"Clean & Clear Foaming Face Wash",100,100,"LOW"
"Zucchini Green",250,250,"LOW"
"Dettol Clinical Strength Hand Sanitizer Liquid",500,500,"LOW"
"Comfy Baby Pants XL 12-17 kg",24,24,"LOW"
"Pear Green Imported",2,116,"LOW"
"Sunfeast YiPPee! Magic Masala Noodles",405,405,"LOW"
"Praakritik Organic Natural Wild Forest Honey",200,200,"LOW"
"Britannia Milk Bikis Cream Biscuit",200,200,"LOW"
"Britannia Marie Gold Biscuit",200,200,"LOW"
"Rin Detergent Bar",140,140,"LOW"
"Everest Coriander Powder",200,200,"LOW"
"Surf Excel Matic Front Load Detergent Liquid",1,1000,"medium"
"ITC Master Chef Classic Aloo Tikki",320,320,"LOW"
"Zorabian Chicken Legs Skinless",450,450,"LOW"
"Britannia Treat Croissant Vanilla Creme Roll",47,47,"LOW"
"Popular Essentials Cinnamon Whole (Dalchini)",25,25,"LOW"
"The Bake Shop Whole Wheat Bread",400,400,"LOW"
"Gits Rice Dosa Instant Breakfast Mix",200,200,"LOW"
"Unibic SugarFree - Oatmeal Cookies",75,75,"LOW"
"Britannia Good Day Nut Cookies",120,120,"LOW"
"Parachute 100% Pure Coconut Oil",300,300,"LOW"
"L'Oreal Paris Excellence Creme Hair Color, 4.25 Aishwarya's Brown",172,172,"LOW"
"Dabur Chyawanprash",1,950,"LOW"
"Cauliflower",1,58,"LOW"
"Dabur Ayurvedic Tulsi Drops (Immunity Booster)",30,30,"LOW"
"Veeba Sriracha Chilli Garlic Sauce",320,320,"LOW"
"Mamaearth Daily Moisturizing Lotion For Babies",200,200,"LOW"
"Whisper Ultra Soft Air Fresh Sanitary Pads (XL) with Wings",30,30,"LOW"
"Oral-B Charcoal Cross Cross Extra Soft Toothbrush (Buy 2 Get 1 Free)",3,174,"LOW"
"Old Spice After Shave Lotion Musk",100,100,"LOW"
"Whisper Ultra Clean Wings XL+  Pouch",44,44,"LOW"
"Unibic Honey Oatmeal Cookies",75,75,"LOW"
"Whisper Ultra Soft XL+ Sanitary Pads",60,60,"LOW"
"Britannia 100% Whole Wheat Bread",450,450,"LOW"
"Unibic Fruit & Nut Real Cranberries & Almonds Protein Bar",30,30,"LOW"
"Eastern Cumin Powder",100,100,"LOW"
"Pillsbury Atta/Godihittu - Chakki Fresh",2,2000,"medium"
"Pantene Total Damage Care Shampoo",180,180,"LOW"
"Praakritik Organic Poha",500,500,"LOW"
"TGFC Bombay Duck Whole Cleaned",500,500,"LOW"
"Gillette Mach 3 Turbo Cartridges",4,232,"LOW"
"Gala No Dust Broom",1,58,"LOW"
"Fiama Lemongrass and Jojoba Shower Gel",250,250,"LOW"
"Amul Cheese Spread Creamy",180,180,"LOW"
"Dabur Honey ",500,500,"LOW"
"Bagrrys Muesli Crunchy Fruit & Nut With Cranberries",400,400,"LOW"
"Pillsbury Chakki Fresh Atta",10,10000,"bulk"
"Bottle Gourd ",1,58,"LOW"
"Colin Glass and Surface Cleaner Liquid Spray Regular",250,250,"LOW"
"Amul Butter - Pasteurised",500,500,"LOW"
"Oxi Green Max Force Green Concentrate",500,500,"LOW"
"Popular Essentials Pumpkin Seeds",100,100,"LOW"
"Tong Garden Salted Cocktail Nuts",160,160,"LOW"
"Popular Essentials Toor Dal (Un-Polished)",500,500,"LOW"
"Garlic",200,200,"LOW"
"Comfort After Wash Fabric Conditioner Lily Fresh ",860,860,"LOW"
"Tata Sampann Kala Chana",500,500,"LOW"
"Maggi 2 Minute Masala Noodles",70,70,"LOW"
"Britannia Good Day Cashew Cookies Packet",200,200,"LOW"
"Pantene Advanced Hair Fall Solution Silky Smooth Care Shampoo",180,180,"LOW"
"The Whole Truth Double Cocoa Mini Protein Bar No Sugar",27,27,"LOW"
"Sunfeast Yippee! Pasta Treat - Sour Cream Onion",65,65,"LOW"
"Saffola Veggie Twist Masala Oats",38,38,"LOW"
"Happilo Premium International Queen Kalmi Dates",200,200,"LOW"
"Dukes Nibbles - Ranch Crackers",150,150,"LOW"
"Amul Fresh Cream",250,250,"LOW"
"Engage Rush Deodorant For Men",150,150,"LOW"
"Amul Taaza Toned Homogenised Milk",1,1000,"medium"
"Fortune Sunlite Refined Sunflower (Jar)",5,5000,"bulk"
"Dabur Meswak Toothpaste",100,100,"LOW"
"Chakaachak Super Strong Scrub",1,58,"LOW"
"Pantene Advanced Control Hair Fall Solution Shampoo",180,180,"LOW"
"Vim Dishwash Bar",600,600,"LOW"
"Nivea Women Deodorant Fresh Natural Long Lasting Freshness & 48h Protection",150,150,"LOW"
"Popular Essentials Dessicated Coconut",200,200,"LOW"
"Hershey's Cocoa + Almond Spread",350,350,"LOW"
"Suguna Nourish Egg ",6,348,"LOW"
"Godrej Real Good Chicken Whole Pre-Cut",1,1000,"medium"
"Kellogg's Chocos Combo Pack",156,156,"LOW"
"Lettuce Red",100,100,"LOW"
"Everest Tikhalal Hot & Red Chilly Powder",100,100,"LOW"
"Popular Essentials Rice Flour",1,1000,"medium"
"Chakaachak Floor Pocha Large",1,58,"LOW"
"Eveready AA pack of 10 ",10,580,"LOW"
"MTR Uttapam Mix",500,500,"LOW"
"Mother's Recipe Bhel Puri Chutney",200,200,"LOW"
"Popular Essentials Plain Puffed Rice (Murmura/Muri)",100,100,"LOW"
"Weikfield Veg Jelly Crystals - Orange",90,90,"LOW"
"Cadbury Hot Chocolate",200,200,"LOW"
"Sunfeast Yippee! Power Up Atta Noodles",280,280,"LOW"
"Britannia Nutri Choice Digestive Biscuits Packet",100,100,"LOW"
"Vaseline Original Skin Protecting Jelly",100,100,"LOW"
"Britannia Goodday Chocochip Cookies",400,400,"LOW"
"Savlon Germ Protection Wipes",72,72,"LOW"
"Bajaj Almond Drops Hair Oil",100,100,"LOW"
"Kellogg's All Bran Wheat Flakes",425,425,"LOW"
"Britannia Milk Bikis Milky Sandwich",120,120,"LOW"
"Smith & Jones Garlic & Herbs Masala Mix",75,75,"LOW"
"Sebamed Cleansing Bar",100,100,"LOW"
"Britannia 50-50 Maska Chaska Biscuit",45,46,"LOW"
"Soulfull Ragi Bites Choco Fills",250,250,"LOW"
"Nestle Milkmaid",400,400,"LOW"
"Colgate Slim Soft Charcoal Toothbrush",4,232,"LOW"
"The Bake Shop Methi Khari Simply Delicious",200,200,"LOW"
"Popular Essentials Chana Dal (Un-Polished)",500,500,"LOW"
"Pomegranate ",2,116,"LOW"
"Gits Gulab Jamun Instant Dessert Mix",200,200,"LOW"
"Go Cheese Spread - Garlic",200,200,"LOW"
"Engage Woman Blush Body Deo Spray",150,150,"LOW"
"Sundrop Cocoa Nut Hazelnut Chocolatey Spread",160,160,"LOW"
"Ching's Secret Just Soak - Veg Hakka Noodles",150,150,"LOW"
"Popular Essentials Black Cardamom/Elaichi ",50,50,"LOW"
"Fem Fairness Naturals Saffron Skin Bleach",64,64,"LOW"
"Godrej Cinthol Lime Refreshing Deo Soap",400,400,"LOW"
"Praakritik Organic Singhara Atta",500,500,"LOW"
"Fem Fairness Naturals Hair Removal Cream Fair & Soft - Rose",40,40,"LOW"
"Godrej Yummiez Chicken Lucknowi Seekh Kebab",400,400,"LOW"
"Hit Lime Fresh Flying Insect Killer",385,385,"LOW"
"Popular Essentials Poppy Seeds (Gasagase)",100,100,"LOW"
"Kitchens of India Dal Makhani",285,285,"LOW"
"Popular Essentials Kashmiri Red Rajma",500,500,"LOW"
"24 Mantra Red Chilly Whole",100,100,"LOW"
"Pond's Light Moisturiser",250,250,"LOW"
"Maggi Magic Cubes Chicken",40,40,"LOW"
"Pedigree Puppy Chicken Chunks in Gravy ",70,70,"LOW"
"Fortune Rice Bran (Pouch)",1,1000,"medium"
"Ariel Matic Top Load Detergent Washing Powder",1,1000,"medium"
"Beans Broad",250,250,"LOW"
"Colgate Kids 0-2 Extra Soft Tooth Brush",1,58,"LOW"
"Delight Nuts Dried Blueberries ",150,150,"LOW"
"Popular Essentials Sona Masouri Raw Rice",1,1000,"medium"
"Tomato Hybrid",1,1000,"medium"
"Pedigree Puppy Dry Dog Food Food Chicken & Milk",3,3000,"medium"
"Ching's Secret Just Soak - Veg Hakka Noodles",600,600,"LOW"
"Kellogg's Chocos",250,250,"LOW"
"Satyam Singdana ",500,500,"LOW"
"Britannia Good Day Choco Chip Cookies",100,100,"LOW"
"Park Avenue Beer Shampoo ",180,180,"LOW"
"Odonil Room Air Freshener Spray Lavender Mist",240,240,"LOW"
"Papaya Cut",200,200,"LOW"
"Chings Instant Soup - Sweet Corn Veg",15,15,"LOW"
"Praakritik Organic Raw Sugar",500,500,"LOW"
"Pantai Light Soy Sauce",200,200,"LOW"
"Yogabar No Added Sugar Protein Bar Brownie",60,60,"LOW"
"Dove Hair Fall Rescue Shampoo",180,180,"LOW"
"Head & Shoulders 2 In 1 Anti Dandruff Shampoo Conditioner ",180,180,"LOW"
"Gillette Pre Shave Foam - Classic Regular Skin",418,418,"LOW"
"Mother's Recipe Madras Appalam",100,100,"LOW"
"Kellogg's Muesli 20% Nuts Delight",500,500,"LOW"
"Betty Crocker Chocolate Fudge Cake Mix",475,475,"LOW"
"Ching's Schezwan Fried Rice(Miracle Masala)",60,60,"LOW"
"Bitter Gourd",250,250,"LOW"
"Maggi Rich Tomato Ketchup",500,500,"LOW"
"Baidyanath Isabgol",100,100,"LOW"
"Veeba Peri Peri Sauce",300,300,"LOW"
"Fem Fairness Natural Gold Skin Bleach",64,64,"LOW"
"Amul Cheese Sauce Mexican Salsa",200,200,"LOW"
"Head & Shoulders Anti Dandruff Shampoo Cool Menthol",340,340,"LOW"
"Fiama Di Wills Lemongrass & Jojoba Gel Bar",375,375,"LOW"
"Scotch Brite Kitchen Sink Brush",1,58,"LOW"
"Pril Perfect Lime Dishwash Liquid",750,750,"LOW"
"Himalaya Men Pimple Clear Neem Face Wash",100,100,"LOW"
"Kellogg's Muesli Nuts Delight",750,750,"LOW"
"Mother's Recipe Punjabi Teekha Mang Pickle",400,400,"LOW"
"Amul Pure Ghee (Pouch)",500,500,"LOW"
"Fogg Master - Royal Intense",120,120,"LOW"
"Britannia Good Day Pista Badam",100,100,"LOW"
"L'Oreal Paris Excellence Creme Hair Color, 4 Natural Brown/Natural Dark Brown",172,172,"LOW"
"Sunfeast Dark Fantasy Choco Creme",300,300,"LOW"
"24 Mantra Organic Chana Dal",500,500,"LOW"
"Popular Essentials Methi Seeds",100,100,"LOW"
"Dhara Filtered Groundnut Oil (Jar)",5,5000,"bulk"
"Patanjali Kesh Kanti Natural Hair Cleanser",200,200,"LOW"
"Weikfield Baking Soda",100,100,"LOW"
"Organic India Apple Cider Vinegar",500,500,"LOW"
"Ching's Secret Just Soak - Whole Wheat Veg Hakka Noodle",150,150,"LOW"
"Himalaya Moisturising Aloe Vera Facial Wipes",25,25,"LOW"
"Pantai Spring Roll Sauce",200,200,"LOW"
"The Bake Shop Jeera Khari",200,200,"LOW"
"Popular Essentials Sabja/Basil Seeds",100,100,"LOW"
"The Whole Truth Dark Chocolate Peanut Butter - Creamy",325,325,"LOW"
"Safal Frozen Corn",200,200,"LOW"
"Dukes Sour & Cream Onion Nibbles Baked",150,150,"LOW"
"Bagrrys Fruit N Fibre Muesli - Strawberry",1,1000,"medium"
"Saffola Soya Chunks Mealmaker",200,200,"LOW"
"Engage Deo Frost",150,150,"LOW"
"Amul Mithai Mate EOE Tin",400,400,"LOW"
"L'Oreal Anti Hair Fall Conditioner",192,192,"LOW"
"Ching's Instant Hot and Sour Soup",55,55,"LOW"
"Whisper Ultra Clean XL Plus Sanitary Pad",15,870,"LOW"
"Happilo Premium 100% Natural Whole Cashews",200,200,"LOW"
"Gala Cloth Poccha/Mop",1,58,"LOW"
"Good Day Butter Cookies",75,75,"LOW"
"Orion Choco Pie - Chocolate Coated Soft Biscuit",336,336,"LOW"
"Fine Life Cotton Balls",50,50,"LOW"
"Rin Detergent Powder",1,1000,"medium"
"Pro Nature Organic Sonamasoori Brown Rice",1,1000,"medium"
"Pears Pure & Gentle Glycerin Bath Soap",125,125,"LOW"
"Keya Italian Seasoning",35,35,"LOW"
"Kissan Pineapple Jam",500,500,"LOW"
"HImalaya Gentle Baby Wipes",72,72,"LOW"
"Origami Non-Woven Kitchen Towel",80,80,"LOW"
"Bauli Moonfils Choco Veg Puff Roll",45,45,"LOW"
"Popular Essentials Pancharatna Dal",500,500,"LOW"
"Pantai Dark Soy Sauce",200,200,"LOW"
"RRO Til Dil Premium Til Oil Bottle",500,500,"LOW"
"Britannia Nutri Choice Oats Choco Almond Biscuit",75,100,"LOW"
"Yoga Bar Breakfast Muesli - Chocolate & Cranberry ",400,400,"LOW"
"TGFC Rohu Bengali Cut",500,500,"LOW"
"Godrej Nupur Henna",120,150,"LOW"
"Pril Bar Tub",500,500,"LOW"
"Arden Eggs White",6,348,"LOW"
"Lizol Disinfectant Surface & Floor Cleaner Liquid Pine",975,975,"LOW"
"The Bake Shop Bread Crumbs",400,400,"LOW"
"Weikfield Veg Jelly Crystals - Mango",90,90,"LOW"
"Ching's Veg Manchurian Masala",20,20,"LOW"
"Ching's Secret Schezwan Instant Noodle",480,480,"LOW"
"Smith & Jones Italian Spices Masala Mix",75,75,"LOW"
"Clean & Clear Pimple Clearing Face Wash",80,80,"LOW"
"Pantai Hot Chilli Sauce",200,200,"LOW"
"Delight Nuts Dried Cranberries ",200,200,"LOW"
"Weikfield Cooker Cake Mix - Chocolate",150,150,"LOW"
"Durex Air Ultra Thin Condoms",3,174,"LOW"
"Robin Dazzling Liquid Blue After Wash",200,200,"LOW"
"Top Ramen Chicken Noodles",280,280,"LOW"
"L'Oreal Paris Casting Creme Gloss Hair Color (Dark Brown 400)",159,159,"LOW"
"Origami Aloe Vera Wipes",25,25,"LOW"
"Stayfree Dry-Max All Night Ultra-Dry Sanitary Pad",7,406,"LOW"
"Maggi Magic Cubes Extra Chicken",240,240,"LOW"
"iD Wheat Lachha Paratha",400,400,"LOW"
"Soulfull Millet Muesli Fruit & Nut Almonds & Real Fruits",400,400,"LOW"
"Godrej No.1 Bathing Soap, Jasmine",100,400,"LOW"
"RRO Burrata Cheese",200,200,"LOW"
"Ching's Secret Tomato Soup",55,55,"LOW"
"Ceres Foods Nalli Nihari Instant Liquid Masala",200,200,"LOW"
"The Whole Truth Peanut Butter - Unsweetened & Crunchy",325,325,"LOW"
"Brinjal Bharta",1,58,"LOW"
"Veet Full Body Waxing Kit For Dry Skin",20,1160,"medium"
"Sweet Corn",2,116,"LOW"
"Nestle A+ Slim Milk",1,1000,"medium"
"Hajmola Anardana Digestive Tablets",180,120,"LOW"
"L'Oreal Paris Total Repair 5 Shampoo",360,396,"LOW"
"24 Mantra Organic Brown Sona Masoori Rice",1,1000,"medium"
"Ceres Foods Fish Mustard Instant Liquid Masala",200,200,"LOW"
"Popular Essentials White Til",100,100,"LOW"
"Maggi 2-Minute Instant Noodles - Masala",280,280,"LOW"
"Everest Kesari Milk Masala",20,50,"LOW"
"Cantina Tabasco Red Sauce",60,60,"LOW"
"Safal Frozen Mixed Vegetables",500,500,"LOW"
"Suguna Heart- Omega3",6,348,"LOW"
"Del Monte Black Sliced Olives",450,450,"LOW"
"Odomos Mosquito Repellent Cream",25,23,"LOW"
"Unibic Daily Digestive (Multigrain Cookies)",75,75,"LOW"
"On1y Pasta Seasoning",30,30,"LOW"
"Weikfield Baking Powder",100,100,"LOW"
"Dabur Amla Juice",1,1000,"medium"
"Dove Dryness Care Shampoo",340,340,"LOW"
"Himalaya Anti Dandruff Shampoo",400,400,"LOW"
"Scotch BOPP Packaging Tape",1,58,"LOW"
"iD Curd Pouch",400,400,"LOW"
"Mothers Recipe Rice Papad Ajwain",75,75,"LOW"
"24 Mantra Organic Peanuts",500,500,"LOW"
"Eastern Tamarind",200,200,"LOW"
"Everest Chicken Masala",200,200,"LOW"
"Tresemme Keratin Smooth Conditioner",340,340,"LOW"
"Mango Raw",500,500,"LOW"
"Harpic Hygienic Toilet Cleaner Rim Block Citrus",26,26,"LOW"
"Engage M3 Perfume Spray for Men",120,120,"LOW"
"Whiskas Kitten (2-12 months) Dry Cat Food Food Ocean Fish",1100,1100,"medium"
"Tata Sampann kabuli chana",500,1000,"medium"
"Britannia Healthy Slice Sandwich Bread",450,450,"LOW"
"Durex Extra Dots Condoms",10,580,"LOW"
"Ching's Secret  Pad Thai Noodles Green Curry",130,130,"LOW"
"Go Cheese Processed Squares",200,200,"LOW"
"Satyam Poha Jada",500,500,"LOW"
"Dukes Waffy Orange Wafers",75,60,"LOW"
"Kapiva Wild Tulsi Giloy Juice |",1,1000,"medium"
"Praakritik Organic Jaggery",900,900,"LOW"
"Garnier Skin Naturals, Micellar Cleansing Water",125,125,"LOW"
"Dabur Hommade - Imli Sauce Saunth",100,100,"LOW"
"Moov Pain Relief Specialist",15,15,"LOW"
"Aashirvaad Svasti Cow Ghee Tetra Pack",500,500,"LOW"
"Airwick EverFresh Gel Bathroom Air Freshener - Lavender Dew",50,50,"LOW"
"MTR Dal Fry",300,300,"LOW"
"Pantai Teriyaki Sauce with Garlic",200,200,"LOW"
"D'lecta Natural Feta Cheese Block",100,100,"LOW"
"Dettol Skincare Liquid Hand Wash",200,200,"LOW"
"Nestle Cerelac Baby Cereal with Milk 5 Grains & Vegetables from 18 to 24 Month",300,300,"LOW"
"Suguna Sharp Egg ",6,348,"LOW"
"Airwick EverFresh Gel Bathroom Air Freshener - Citrus Splash",50,50,"LOW"
"Godrej Yummiez Chicken Punjabi Tikka ",360,360,"LOW"
"Himalaya Anti Hair Fall Shampoo",700,700,"LOW"
"Britannia Toastea (Premium Bake Rusk)",400,400,"LOW"
"The Whole Truth - Nuts, Fruits & Seeds Muesli",350,350,"LOW"
"Mint Leaves ",100,100,"LOW"
"Whisper Bindazzz Night Sanitary Pads XL Plus",15,870,"LOW"
"Patanjali Saundarya Aloe Vera Gel",150,150,"LOW"
"Ching's Secret Green Chilli Sauce",425,425,"LOW"
"Surf Excel Quick Wash",1,1000,"medium"
"Bombay Shaving Company Defender Razor",1,58,"LOW"
"Old Spice Original Lather Shaving Cream",70,70,"LOW"
"Parle Monaco Sixer Salted Biscuits ",200,200,"LOW"
"Cadbury Chocobakes Choc Filled Cookies",150,150,"LOW"
"Sweet Lime",2,116,"LOW"
"Mamaearth Ubtan Face Scrub Turmeric & Walnut",100,100,"LOW"
"Shubh kart - Nirmal sugandhi mogra wet dhoop zipper 20 sticks",20,1160,"medium"
"Nivea Soft Light Moisturizer for Face Hand & Body Non-Sticky Cream with Vitamin E & Jojoba Oil",300,300,"LOW"
"Amul Cheese Slices",100,100,"LOW"
"Mother's Recipe Mixed Pickle ",400,400,"LOW"
"Everest Tandoori Chicken Masala",50,50,"LOW"
"Epigamia Fruit Yogurt Vanilla",75,75,"LOW"
"Masala Oats Masala & Coriander ",500,500,"LOW"
"Parle Fab Bourbon",150,150,"LOW"
"Dove Dandruff Care Shampoo",180,180,"LOW"
"Veet Sensitive Skin Hair Removal Cream",50,50,"LOW"
"Dabur Amla Hair Oil",180,180,"LOW"
"The Bake Shop Pizza Base",150,150,"LOW"
"Praakritik Organic Jowar Atta",500,500,"LOW"
"Fem Fairness Naturals Hair Removal Cream Fair & Soft - Gold",40,40,"LOW"
"Ching's Secret Pad Thai Noodles - Extra Hot Thai Chilli",130,130,"LOW"
"McCain Aloo Tikki",400,400,"LOW"
"Del Monte Pitted Green Olives",450,450,"LOW"
"Harpic Germ & Stain Blaster Disinfectant Toilet Cleaner Floral",750,750,"LOW"
"Cantina Tabasco Green Sauce",60,60,"LOW"
"Nestle Cerelac Wheat - Stage 1",300,300,"LOW"
"Satyam Pulses Masur Dal",500,500,"LOW"
"Tomato Cherry ",200,200,"LOW"
"Parle Fab! Jam-In Cream Filled ",150,150,"LOW"
"Hersheys Chocolate Almond Syrup",450,450,"LOW"
"Amul Malai Paneer Fresh ",200,200,"LOW"
"Tata Sampann Poha",500,500,"LOW"
"Godrej Real Good Chicken Liver Sealed ",200,200,"LOW"
"Domex Disinfectant Floor Cleaner",1,1000,"medium"
"Chilli Green ",100,100,"LOW"
"Ching's Secret Manchow Noodles Instant Soup",20,20,"LOW"
"Surf Excel Detergent Bar Value Pack",800,800,"LOW"
"Mixed Sprouts",200,200,"LOW"
"Everest Chaat Masala",50,50,"LOW"
"Aashirvaad Atta",10,10000,"bulk"
"24 Mantra Organic Cumin Powder",100,100,"LOW"
"Set Wet Style Vertical Hold Hair Gel",50,50,"LOW"
"Popular Essentials Rozana Sona Masuri Raw Rice",5,5000,"bulk"
"Maggi Chilly Chow Cuppa Noodles",70,70,"LOW"
"Scalpe Pro Anti dandruff Shampoo 100ml",100,100,"LOW"
"The Whole Truth Double Cocoa Protein Bar No Sugar",52,52,"LOW"
"Popular Essentials Broken Wheat/Daliya",500,500,"LOW"
"Britannia Treat Burst Choco Creme Fills",120,120,"LOW"
"Sundrop Super Lite Advanced - Sunflower Oil",1,1000,"medium"
"Prasuma Vegetable Momos",10,580,"LOW"
"Colgate Total Charcoal Anticavity Toothpaste",120,120,"LOW"
"Ching's Secret Sauce, Green Chilli",190,190,"LOW"
"Oxi Green Floor Cleaner - Citrus ",1,1000,"medium"
"L'Oreal Paris Color Protect Shampoo",360,360,"LOW"
"Whisper Ultra Soft XL+ Sanitary Pads",30,30,"LOW"
"Fiama Di Wills Shower Gel Patchouli & Macadamia",250,250,"LOW"
"Himalaya Gentle Baby Bath",200,200,"LOW"
"Moov Pain Releiver Spray",80,80,"LOW"
"D'lecta Dairy Cream",200,200,"LOW"
"Tata Sampann Unpolished Moong Dal ",500,500,"LOW"
"Popular Essentials HMT Kolam Steam",5,5000,"bulk"
"Britannia Toastea Premium Bake Rusk",700,700,"LOW"
"Gits Medu Vada Instant Snack Mix",200,200,"LOW"
"Everest Pani Puri Masala",50,50,"LOW"
"Johnson's Baby Lotion",100,100,"LOW"
"Weikfield Vanilla Flavoured Custard Powder",100,100,"LOW"
"Vicks VapoRub",50,50,"LOW"
"Sunfeast Mom's Magic Cashew & Almond Cookies Packet",200,200,"LOW"
"Popular Essentials Red Cherry/Gundu Chilli",100,100,"LOW"
"Britannia Toastea Premium Bake Rusk",300,300,"LOW"
"Whisper Daily Liners Clean and Fresh",20,1160,"medium"
"Satyam Puffed Rice Kurmura (R)",200,200,"LOW"
"Aashirvaad Suji Halwa With Jaggery",80,80,"LOW"
"Mothers Recipe Papad - Sabudana With Rock Salt",70,70,"LOW"
"Go Cheese Pizza Blend Mozzarella + Cheddar",200,200,"LOW"
"Surabhi Pure Camphor",25,25,"LOW"
"Colgate Gentle Sensitive+ Toothbrush Pack Of 4",4,232,"LOW"
"Maggi Coconut Milkpowder",100,100,"LOW"
"Baby Corn Peeled",250,250,"LOW"
"Popular Essentials Byadagi Chilli Stemless",100,100,"LOW"
"Apple Washington",4,232,"LOW"
"Ching's Secret Chowmein Hakka Noodles Masala",100,100,"LOW"
"The Bake Shop Multi Grain Bread",400,400,"LOW"
"Weikfield Veg Jelly Crystals - Strawberry",90,90,"LOW"
"Cherry Blossom Wax Shoe Polish Dark Tan",40,40,"LOW"
"Popular Essentials Soya Beans ",500,500,"LOW"
"Godrej Aer Power Pocket - Long Lasting Bathroom Fragrance Floral Delight",10,10,"LOW"
"Pantai Green Curry Paste",50,50,"LOW"
"L'Oreal Paris Color Protect Conditioner",192,192,"LOW"
"Betty Crocker French Vanilla Cake Mix",520,520,"LOW"
"Amul Lactose Free Milk",250,250,"LOW"
"Nupur Heena Mehandi",500,500,"LOW"
"Set Wet Swag Avatar Deodorant & Body Spray Perfume For Men",150,150,"LOW"
"Popular Essentials Refined Sugar",5,5000,"bulk"
"Closeup Everfresh+ Anti-Germ Gel Toothpaste Red Hot",80,80,"LOW"
"Mamaearth Ubtan Body Lotion",400,400,"LOW"
"Capsicum Green ",250,250,"LOW"
"Old Spice Original After Shave Lotion",150,150,"LOW"
"Everest Shahi Biryani Masala",50,50,"LOW"
"Himalaya Baby Lotion",200,200,"LOW"
"Pineapple Slice",200,200,"LOW"
"Surf Excel Matic Top Load Detergent Powder",1,1000,"medium"
"Stayfree Advanced XL Ultra Comfort Sanitary napkins with Wings",14,812,"LOW"
"Nestle A+ Nourish Dahi",400,400,"LOW"
"Oxi Green Phenyl Concentrate",1,1000,"medium"
"Delight Nuts Trail Mix ",200,200,"LOW"
"Popular Essentials Pe Shah Jeera ",50,50,"LOW"
"Himalaya Baby Powder",400,400,"LOW"
"Bauli Moonfils - Vanilla",45,45,"LOW"
"Organic India Wheat Grass",100,100,"LOW"
"Savlon Clothes Disinfectant & Refreshing Spray Fresh Breeze",230,230,"LOW"
"Unibic Assorted Cookies ",450,450,"LOW"
"Ching's Secret Red Chilli Sauce",440,440,"LOW"
"Smith & Jones Pink Pasta Sauce Mix",46,46,"LOW"
"Amul Butter - Pasteurised",100,100,"LOW"
"MTR 3 Min Poha",60,60,"LOW"
"Fresh Chicken Curry Cut - Skinless (Halal)",500,500,"LOW"
"Godrej Nupur – 100% Pure Henna (Mehendi)",18,18,"LOW"
"Everest Tandoori Chicken Masala",100,100,"LOW"
"ITC Master Chef Crispy Chicken Fries ",280,280,"LOW"
"Savlon Moisture Shield Hand Wash",200,200,"LOW"
"Colgate Herbal Toothpaste",200,200,"LOW"
"Ariel Matic Front Load Detergent Powder",1,1000,"medium"
"Amul Cheese - Pepper",200,200,"LOW"
"Origami Cups Plain 100 units",100,100,"LOW"
"Himalaya Anti Hair Fall Shampoo",200,200,"LOW"
"McCain Veggie Fingers",400,400,"LOW"
"Eastern Super Garam Masala",200,200,"LOW"
"Suhana Biryani Masala",50,50,"LOW"
"Engage Man Rush Deodorant",150,150,"LOW"
"24 Mantra Groundnut Oil (Cold Pressed) Pet Bottle",1,1000,"medium"
"Britannia Roll Yo! Choco Swiss Roll (With Egg)",28,28,"LOW"
"Britannia Nutri Choice Cracker Sugar Free Biscuit",300,300,"LOW"
"Apsara Non Dust Eraser",20,1160,"medium"
"Tata Salt",1,1000,"medium"
"Coccinia",250,250,"LOW"
"Himalaya Gentle Baby Shampoo",200,200,"LOW"
"Hershey's Cocoa Spread",350,350,"LOW"
"McCain New Mini Samosa with Cheese Corn Style Filling",240,240,"LOW"
"Fiama Men's Refreshing Pulse Shower Gel",250,250,"LOW"
"Cantina Tortilla Dip Sauce Sour Creamy Tex Mex",190,190,"LOW"
"Amul Mithai Mate Condensed Sweetened Milk",200,200,"LOW"
"Smith & Jones Masala Noodles",480,480,"LOW"
"Oxi Green Floor Cleaner - Floral",1,1000,"medium"
"L'Oreal Paris Excellence Creme Hair Color, 1 Black",172,172,"LOW"
"Pantai Sweet Chilli Sauce",200,200,"LOW"
"Cadbury Cocoa Powder",150,150,"LOW"
"Fiama Gel Bar Celebration Pack Buy 4 Get 1 Free",625,625,"LOW"
"Britannia Burger Bun with Sesame Seed",200,200,"LOW"
"Parle Hide & Seek Cookies With Added Almonds",100,100,"LOW"
"Everest Meat Masala Powder",100,100,"LOW"
"Veeba Truly Tomato Ketchup",500,500,"LOW"
"Pillsbury Multi Grain Atta",1,1000,"medium"
"The Bake Shop Whole Wheat Toast (Rusk) ",200,200,"LOW"
"Mortein Dual All Insect Killer Spray",600,600,"LOW"
"Colgate Zig Zag Toothbrush",6,348,"LOW"
"Gits Jalebi with Maker Dessert Mix",100,100,"LOW"
"Godrej Aer Spray Fresh Lush Green",240,240,"LOW"
"Origami Disposable Spoons",20,1160,"medium"
"Pantene Hair Fall Control Shampoo",340,340,"LOW"
"Origami Paper Party Plates",50,580,"LOW"
"Epigamia Misti Doi",85,85,"LOW"
"Aashirvaad Atta With Mutigrains",5,5000,"bulk"
"Pantai Sriracha Red Chilli Sauce",200,200,"LOW"
"Pril Power Of Active Boosters",400,400,"LOW"
"Head & Shoulders Anti-Dandruff Smooth & Silky Shampoo",180,180,"LOW"
"Amul Ghee (Tin)",1,1000,"medium"
"Godrej Expert Rich Crème, Burgundy",20,20,"LOW"
"Praakritik Organic Besan",500,500,"LOW"
"Fem Fairness Naturals Gold Skin Bleach",24,24,"LOW"
"Colgate Max Fresh Plax Mouthwash - Fresh Mint",250,250,"LOW"
"The Whole Truth Dark Chocolate Peanut Butter - Crunchy",325,325,"LOW"
"Johnson's Baby Cream",100,100,"LOW"
"Chakaachak Mini Cloth Brush",1,58,"LOW"
"Cantina Beans Mexican Beans",410,410,"LOW"
"McCain Herb & Garlic Crazy Fries Masala Mix ",400,400,"LOW"
"Odomos Mosquito Repellent Cream ",50,50,"LOW"
"Delight Nuts Pista Roasted & Salted",200,200,"LOW"
"Himalaya Baby Powder",100,100,"LOW"
"iD Malabar Parota ",400,400,"LOW"
"Dettol Original Liquid Handwash",200,200,"LOW"
"Kelloggs Special K",435,435,"LOW"
"Ching's Secret Mix Veg Instant Soup",15,15,"LOW"
"Popular Essentials Classic Sona Masuri Rice",5,5000,"bulk"
"On1y Sea Salt Grinder",100,100,"LOW"
"Bauli Moonfils Strawberry",45,45,"LOW"
"Clinic Plus Strong & Long Health Shampoo",650,650,"LOW"
"Kissan Mixed Fruit Jam ",500,500,"LOW"
"Popular Essentials Pure Jaggery",450,450,"LOW"
"Yummiez Chicken Breakfast Sausages",250,250,"LOW"
"Amla",250,250,"LOW"
"Zorabian Chicken Breast Boneless",250,250,"LOW"
"Popular Essentials Sattu Atta",500,500,"LOW"
"Fortune Soyabean Oil",1,1000,"medium"
"Colgate Sensitive Plus Enamel Toothpaste Tube",160,160,"LOW"
"Moong Sprouts",200,200,"LOW"
"Bauli Moonfills Pack of 4",190,180,"LOW"
"Lizol Disinfectant Surface & Floor Cleaner Liquid Floral",500,500,"LOW"
"Gillette Mach 3 Start",2,116,"LOW"
"Nycil Germ Expert Cool Herbal Talc",200,150,"LOW"
"Colgate Kids 2+ Years Extra Soft Toothbrush",1,58,"LOW"
"Closeup Everfresh+ Anti-Germ Gel Toothpaste Red Hot",150,150,"LOW"
"Mamaearth Onion Hair Oil",150,150,"LOW"
"Britannia Bourbon Chocolate Cream Biscuits",150,150,"LOW"
"Woodward's Gripe Water",200,200,"LOW"
"Laughing Cow Cheese 8 Portion 120Gm Imported",120,120,"LOW"
"Listerine Cool Mint Mouthwash - Mild Taste",250,250,"LOW"
"Harpic Disinfectant Toilet Cleaner Liquid, Original - 1 L",1,1000,"medium"
"President Butter - Salted",100,100,"LOW"
"Dabur Hommade Tamarind Paste",200,200,"LOW"
"Zandu Balm",8,8,"LOW"
"Hit Flower Lime Fragrance Insect Killer Spray",400,400,"LOW"
"Maggi Special Masala Spicy Yummy Noodles",280,280,"LOW"
"Gits Pav Bhaji Ready to Eat",300,300,"LOW"
"Mangaldeep Rose Puja Agarbatti ",120,120,"LOW"
"Sweet Potato ",500,500,"LOW"
"Ariel Complete Detergent Washing Powder 1 kg + 500 g Free",1,1500,"medium"
"Orange",2,116,"LOW"
"Del Monte Green Chili Sauce",190,190,"LOW"
"Ching's Secret Chicken 65 Masala - Chicken",20,20,"LOW"
"Britannia Good Day Cashew Cookies Pack Of 6",120,120,"LOW"
"Tata Sampann Urad Dal Split",500,500,"LOW"
"Om Bhakti Wick for Diya - Ghee Cotton Wicks Small ",30,30,"LOW"
"Aashirvaad Instant Meals - Khatta Meetha Pohaa With Millets",80,80,"LOW"
"Dlecta Natural Cheddar Slices",200,200,"LOW"
"Prabhat Malai Paneer Pouch",200,200,"LOW"
"Kellogg's Crunchy Bites Chocos",375,375,"LOW"
"Clean & Clear Morning Energy Lemon Face Wash",100,100,"LOW"
"Sensodyne Sensitive Fresh Gel Toothpaste",75,75,"LOW"
"Open Secret Assorted Story Box",75,75,"LOW"
"Borges Durum Wheat Pasta Superior Quality",500,500,"LOW"
"Britannia Good Day Pista Badam",200,200,"LOW"
"Dettol Antiseptic Liquid + Disinfectant Spray - Original",225,225,"LOW"
"Popular Essentials Jowa Flour",500,500,"LOW"
"Harpic Lemon Bathroom Cleaner ",500,500,"LOW"
"Lotte Choco Pie ",12,696,"LOW"
"Madhur Pure And Hygienic Sugar",5,5000,"bulk"
"Ariel Matic Front Load Detergent Washing Powder",3,3000,"medium"
"Aashirvaad Multigrain Atta",1,1000,"medium"
"Closeup Everfresh+ Anti-Germ Gel Toothpaste Red Hot",300,300,"LOW"
"Epigamia Greek Yogurt - Natural",400,400,"LOW"
"Popular Essentials HMT Kolam Steam",1,1000,"medium"
"Go Cheese  Spread Plain",200,200,"LOW"
"Godrej Easy 5 Minute Natural Brown 4 Hair Colour",20,20,"LOW"
"Everest Powder - Egg Curry Masala",50,50,"LOW"
"Pillsbury Oven Cake Mix - Rich Chocolate",285,285,"LOW"
"Baby Potato",500,500,"LOW"
"Cherry Blossom Liquid Wax Polish (Dark Tan)",75,75,"LOW"
"Pears Pure & Gentle Value Pack Of 4 Bathing Soap ",75,75,"LOW"
"Unibic Almond & Oats Protein Bar",30,30,"LOW"
"ITC Master Chef Chicken Seekh Kabab",500,500,"LOW"
"On1y Black Salt Grinder",100,100,"LOW"
"Godrej Real Good Chicken Boneless Cubes ",450,450,"LOW"
"Popular Essentials Red Poha",500,500,"LOW"
"Dettol Lather Shaving Cream",78,78,"LOW"
"Lotte Choco Pie ",336,336,"LOW"
"Nestle A+ Nourish Dahi",200,200,"LOW"
"24 Mantra Sunflower Oil (Cold Pressed) Pet Bottle",1,1000,"medium"
"Gillette Lemon Lime Shaving Foam",196,196,"LOW"
"Odonil Air Freshner Lavender Meadows",75,75,"LOW"
"Knorr Chinese Hot And Sour Veg Soup",43,43,"LOW"
"Durex Air Ultra Thin Condom",10,580,"LOW"
"Popular Essentials Star Anise",25,25,"LOW"
"Himalaya Anti-Hair Fall Shampoo",400,400,"LOW"
"Popular Essentials Fried Gram (Bengal Gram)",500,500,"LOW"
"RRO Goat Milk Fetta Cheee",100,100,"LOW"
"Airwick Room Air Freshener Spray Cool Water & Aloe Vera",245,245,"LOW"
"Everest Dry Mango Powder",100,100,"LOW"
"Yoga Bar Breakfast Muesli - Almond Caramel (No Added Sugar)",400,400,"LOW"
"Japanese Choice Udon Noodles",250,250,"LOW"
"Gillette Classic Regular Pre Shave Foam",196,196,"LOW"
"Weikfield Cocoa Powder",50,50,"LOW"
"Everest Chicken Masala",100,100,"LOW"
"Weikfield Falooda Mix - Mango",200,200,"LOW"
"Epigamia Fruit Yogurt Strawberry",75,75,"LOW"
"Dettol Liquid Handwash With Free Liquid",200,200,"LOW"
"Bagrrys Fruit and Nut Muesli with Cranberries",750,750,"LOW"
"iD Idli & Dosa Batter ",1,1000,"medium"
"Kitchens Of India Mutter Paneer",285,285,"LOW"
"Britannia Bourbon Biscuit Buy 4 Get 1 Free",500,500,"LOW"
"Sunfeast Dark Fantasy Choco Fills Cookies Packet",300,300,"LOW"
"Unibic Choco Kiss Cookies",75,75,"LOW"
"Everest Turmeric Powder",200,200,"LOW"
"Set Wet Deodrant Charm Avatar",150,150,"LOW"
"Origami So Soft Tissue Roll 3 Ply",12,696,"LOW"
"TGFC Basa Fillets",500,500,"LOW"
"Godrej Easy Natural Black Hair Colour",20,20,"LOW"
"L'Oreal Paris Shine Masque Royal Jelly Hair Colour",87,88,"LOW"
"Lizol Disinfectant Surface & Floor Cleaner Liquid Floral",975,975,"LOW"
"Chakaachak Super Scrub Pad (Pack of 3)",3,174,"LOW"
"Amul Processed Cheese Block",200,200,"LOW"
"Daawat Rozana Super Basmati Rice",1,1000,"medium"
"Veeba Hot Sweet Tomato Chilli Sauce",500,500,"LOW"
"Methi",250,250,"LOW"
"Dabur Hajmola Pudina - Digestive Tablets",120,120,"LOW"
"Ridge Gourd",500,500,"LOW"
"Johnson's Baby Shampoo",200,200,"LOW"
"McCain French Fries Crisp & Delicious",750,750,"LOW"
"ITC Master Chef Hyderabadi Biryani",80,80,"LOW"
"Hamam Soap Bar Neem Tulsi and Aloe Vera",150,150,"LOW"
"Bauli Moonfils Choco Cream (With Egg)",45,45,"LOW"
"Tata Sampann Kala Chana",1,1000,"medium"
"Pillsbury Oven Cake Mix - Vanilla",225,225,"LOW"
"Basil",100,100,"LOW"
"MTR Ready To Eat Paneer Butter Masala",300,300,"LOW"
"Surf Excel Easy Wash Detergent Powder",1,1000,"medium"
"Britannia Roll Yo! Strawberry Swiss Roll",28,28,"LOW"
"Switz Paratha Puff",400,400,"LOW"
"Axe Dark Temptation Men's Deodorant",150,150,"LOW"
"Weikfield Tomato Salsa Instant Pasta",77,77,"LOW"
"Hershey's Chocolate Syrup",200,200,"LOW"
"Dettol Antiseptic Liquid",60,60,"LOW"
"Tata Sampann Moong Chilka ",500,500,"LOW"
"MTR Masala - Sambar Powder",200,200,"LOW"
"Clean & Clear Morning Energy Aqua Splash Face Wash",100,100,"LOW"
"Popular Essentials Misri Dana (Diamond Sugar) ",100,100,"LOW"
"Popular Essentials Black Til",100,100,"LOW"
"Brinjal Small",250,250,"LOW"
"Organic India Sugar Balance 60 Capsules Bottle",60,60,"LOW"
"Britannia Brown Bread ",400,400,"LOW"
"Odonil Room Spray Air Freshener Citrus Fres",137,137,"LOW"
"Danish Butter Cookies",400,400,"LOW"
"Tender Coconut",1,58,"LOW"
"Vim Dishwash Liquid Gel Lemon",750,750,"LOW"
"Amul Fresh Cream",1,1000,"medium"
"Beetroot",250,250,"LOW"
"The Bake Shop Whole Wheat Multigrain Toast (Rusk)",200,200,"LOW"
"Pillsbury Chakki Fresh Atta",1,1000,"medium"
"Kapiva Thar Aloe Vera Juice",1,1000,"medium"
"Popular Essentials Dhania (Coriander Seeds)",200,200,"LOW"
"Mr Muscle Dranex Drain Cleaner Kiwi",375,375,"LOW"
"Remia Salad Italian Dressing ",250,250,"LOW"
"Kapiva Wild Amla Juice",1,1000,"medium"
"The Laughing Cow Plain Processed Cheese Block",200,200,"LOW"
"Lijjat Garlic Papad",200,200,"LOW"
"Tata Sampann Masoor Dal Stand",1,1000,"medium"
"McCain New Mini Samosa with Cheese Pizza Style Filling",240,240,"LOW"
"Dettol Effective Protection Antiseptic Liquid",250,250,"LOW"
"Philips Stellar Bright 16W Light Bulb",1,58,"LOW"
"MTR Paneer Butter Masala & Veg Pulao",375,375,"LOW"
"Ching's Secret Sweet Corn Soup",55,55,"LOW"
"Veeba Salsa Dip",360,360,"LOW"
"Quaker Oats Pouch",1,1500,"medium"
"Pedigree Meat Jerky Adult Dog Treat Barbecued Chicken",80,80,"LOW"
"Ching's Singapore Curry Instant Noodles",240,240,"LOW"
"Patanjali Kesh Kanti Aloe Vera Hair Cleanser",200,200,"LOW"
"Praakritik Organic Kapli Wheat Atta",1,1000,"medium"
"Open Secret Choco Almond Story Box",75,75,"LOW"
"Dabur Chyawanprakash - Sugar Free",900,900,"LOW"
"Lizol Double Concentrate Disinfectant Floor Cleaner Citrus",900,900,"LOW"
"Moi Soi  Black Bean Sauce - Dip Spread Stir Fry & Marinade",175,175,"LOW"
"24 Mantra Organic Urad White Whole",500,500,"LOW"
"The Whole Truth Peanut Butter With Dates - Creamy No Sugar",325,325,"LOW"
"Suguna Fit Egg",6,348,"LOW"
"Go Pizza Cheese",200,200,"LOW"
"Everest Coriander Powder",100,100,"LOW"
